1,-0.0025315+1i*(0.000952035),0.000146115+1i*(0.000960865),-9.1674e-07+1i*(-8.74253e-07),-3.00862e-08+1i*(-5.35322e-09),-0.00638698+1i*(0.00127175),5.68215e-09+1i*(-4.11361e-09),6.07465e-07+1i*(-3.06893e-07),-2.12369e-06+1i*(6.77313e-07),0.00667123+1i*(1.22786e-05),
1.03532,-0.0025315+1i*(0.000985692),0.000161005+1i*(0.000991461),-9.42029e-07+1i*(-9.09668e-07),-3.23132e-08+1i*(-5.92504e-09),-0.00636786+1i*(0.00131231),6.49458e-09+1i*(-4.87516e-09),6.46104e-07+1i*(-3.39442e-07),-2.26276e-06+1i*(7.47845e-07),0.00667189+1i*(1.35401e-05),
1.07189,-0.00253151+1i*(0.00102054),0.000176857+1i*(0.0010228),-9.67157e-07+1i*(-9.47674e-07),-3.47091e-08+1i*(-6.55682e-09),-0.00634752+1i*(0.00135386),7.40731e-09+1i*(-5.77276e-09),6.86811e-07+1i*(-3.75356e-07),-2.40994e-06+1i*(8.25438e-07),0.00667265+1i*(1.49244e-05),
1.10975,-0.00253151+1i*(0.00105663),0.000193728+1i*(0.00105486),-9.91869e-07+1i*(-9.88658e-07),-3.72874e-08+1i*(-7.25467e-09),-0.00632587+1i*(0.00139639),8.43001e-09+1i*(-6.82972e-09),7.29637e-07+1i*(-4.1497e-07),-2.56559e-06+1i*(9.10749e-07),0.00667351+1i*(1.64421e-05),
1.14895,-0.00253151+1i*(0.00109399),0.000211672+1i*(0.00108765),-1.01586e-06+1i*(-1.03308e-06),-4.00624e-08+1i*(-8.02526e-09),-0.00630284+1i*(0.00143989),9.57265e-09+1i*(-8.07305e-09),7.74625e-07+1i*(-4.58647e-07),-2.73003e-06+1i*(1.00449e-06),0.00667449+1i*(1.81048e-05),
1.18953,-0.00253151+1i*(0.00113268),0.000230749+1i*(0.00112115),-1.03879e-06+1i*(-1.08147e-06),-4.30498e-08+1i*(-8.87593e-09),-0.00627836+1i*(0.00148433),1.08454e-08+1i*(-9.53407e-09),8.21804e-07+1i*(-5.06781e-07),-2.90359e-06+1i*(1.10742e-06),0.00667561+1i*(1.99244e-05),
1.23155,-0.00253152+1i*(0.00117273),0.000251019+1i*(0.00115534),-1.06026e-06+1i*(-1.13447e-06),-4.62666e-08+1i*(-9.81471e-09),-0.00625236+1i*(0.00152971),1.22582e-08+1i*(-1.1249e-08),8.71194e-07+1i*(-5.59805e-07),-3.08658e-06+1i*(1.22037e-06),0.00667689+1i*(2.19138e-05),
1.27505,-0.00253152+1i*(0.00121421),0.000272544+1i*(0.0011902),-1.07979e-06+1i*(-1.19284e-06),-4.9731e-08+1i*(-1.08504e-08),-0.00622475+1i*(0.00157599),1.38207e-08+1i*(-1.32596e-08),9.22796e-07+1i*(-6.18185e-07),-3.27928e-06+1i*(1.34422e-06),0.00667835+1i*(2.40862e-05),
1.32009,-0.00253152+1i*(0.00125716),0.000295387+1i*(0.0012257),-1.09687e-06+1i*(-1.25746e-06),-5.3463e-08+1i*(-1.19926e-08),-0.00619545+1i*(0.00162314),1.55417e-08+1i*(-1.5614e-08),9.7659e-07+1i*(-6.82429e-07),-3.48197e-06+1i*(1.47991e-06),0.00668001+1i*(2.64557e-05),
1.36672,-0.00253153+1i*(0.00130164),0.000319613+1i*(0.00126182),-1.11089e-06+1i*(-1.32937e-06),-5.74842e-08+1i*(-1.32517e-08),-0.00616439+1i*(0.00167113),1.74287e-08+1i*(-1.83675e-08),1.03254e-06+1i*(-7.53087e-07),-3.69489e-06+1i*(1.62845e-06),0.0066819+1i*(2.90367e-05),
1.41499,-0.00253153+1i*(0.00134769),0.000345288+1i*(0.00129852),-1.12121e-06+1i*(-1.40982e-06),-6.18179e-08+1i*(-1.46394e-08),-0.00613148+1i*(0.0017199),1.94872e-08+1i*(-2.15831e-08),1.09057e-06+1i*(-8.30754e-07),-3.91825e-06+1i*(1.79092e-06),0.00668406+1i*(3.18441e-05),
1.46497,-0.00253153+1i*(0.00139538),0.000372479+1i*(0.00133576),-1.12706e-06+1i*(-1.50023e-06),-6.64895e-08+1i*(-1.61682e-08),-0.00609663+1i*(0.00176941),2.17199e-08+1i*(-2.53333e-08),1.15058e-06+1i*(-9.16074e-07),-4.15221e-06+1i*(1.96845e-06),0.0066865+1i*(3.48931e-05),
1.51672,-0.00253154+1i*(0.00144476),0.000401251+1i*(0.00137349),-1.12764e-06+1i*(-1.60232e-06),-7.15264e-08+1i*(-1.78516e-08),-0.00605976+1i*(0.00181959),2.41256e-08+1i*(-2.97001e-08),1.21244e-06+1i*(-1.00974e-06),-4.39691e-06+1i*(2.16226e-06),0.00668928+1i*(3.8199e-05),
1.57029,-0.00253154+1i*(0.00149589),0.000431673+1i*(0.00141166),-1.12204e-06+1i*(-1.71806e-06),-7.69586e-08+1i*(-1.97047e-08),-0.00602079+1i*(0.00187039),2.66983e-08+1i*(-3.47769e-08),1.27597e-06+1i*(-1.11249e-06),-4.6524e-06+1i*(2.37362e-06),0.00669244+1i*(4.17769e-05),
1.62576,-0.00253155+1i*(0.00154885),0.000463811+1i*(0.00145022),-1.10929e-06+1i*(-1.84978e-06),-8.28182e-08+1i*(-2.17436e-08),-0.00597963+1i*(0.00192172),2.94252e-08+1i*(-4.0669e-08),1.34094e-06+1i*(-1.22513e-06),-4.91869e-06+1i*(2.60387e-06),0.00669602+1i*(4.56414e-05),
1.68318,-0.00253156+1i*(0.00160368),0.000497729+1i*(0.00148909),-1.08833e-06+1i*(-2.0002e-06),-8.91403e-08+1i*(-2.39862e-08),-0.0059362+1i*(0.0019735),3.22853e-08+1i*(-4.74951e-08),1.40707e-06+1i*(-1.34852e-06),-5.19571e-06+1i*(2.85442e-06),0.00670008+1i*(4.98066e-05),
1.74263,-0.00253156+1i*(0.00166047),0.000533492+1i*(0.0015282),-1.05806e-06+1i*(-2.17247e-06),-9.59628e-08+1i*(-2.64517e-08),-0.00589043+1i*(0.00202564),3.52471e-08+1i*(-5.53884e-08),1.47402e-06+1i*(-1.48358e-06),-5.48332e-06+1i*(3.12671e-06),0.00670468+1i*(5.42854e-05),
1.80419,-0.00253157+1i*(0.00171928),0.000571161+1i*(0.00156749),-1.0173e-06+1i*(-2.37028e-06),-1.03327e-07+1i*(-2.91611e-08),-0.00584223+1i*(0.00207804),3.82661e-08+1i*(-6.44971e-08),1.54137e-06+1i*(-1.63127e-06),-5.78129e-06+1i*(3.42228e-06),0.00670988+1i*(5.90887e-05),
1.86791,-0.00253158+1i*(0.00178019),0.000610795+1i*(0.00160685),-9.64856e-07+1i*(-2.59791e-06),-1.11277e-07+1i*(-3.21373e-08),-0.00579153+1i*(0.00213059),4.1282e-08+1i*(-7.49861e-08),1.60862e-06+1i*(-1.79265e-06),-6.0893e-06+1i*(3.74268e-06),0.00671576+1i*(6.42255e-05),
1.93389,-0.00253159+1i*(0.00184326),0.00065245+1i*(0.0016462),-8.99523e-07+1i*(-2.8603e-06),-1.19862e-07+1i*(-3.54052e-08),-0.00573828+1i*(0.00218316),4.4215e-08+1i*(-8.70371e-08),1.67521e-06+1i*(-1.9688e-06),-6.40691e-06+1i*(4.08954e-06),0.0067224+1i*(6.97018e-05),
2.0022,-0.0025316+1i*(0.00190859),0.000696176+1i*(0.00168543),-8.20126e-07+1i*(-3.16319e-06),-1.29133e-07+1i*(-3.89919e-08),-0.00568239+1i*(0.00223563),4.69621e-08+1i*(-1.0085e-07),1.74045e-06+1i*(-2.16091e-06),-6.73358e-06+1i*(4.46449e-06),0.0067299+1i*(7.55197e-05),
2.07292,-0.00253161+1i*(0.00197625),0.000742019+1i*(0.00172444),-7.25566e-07+1i*(-3.51318e-06),-1.39148e-07+1i*(-4.29269e-08),-0.00562383+1i*(0.00228787),4.93925e-08+1i*(-1.16641e-07),1.80356e-06+1i*(-2.37019e-06),-7.06866e-06+1i*(4.86921e-06),0.00673834+1i*(8.16765e-05),
2.14614,-0.00253163+1i*(0.00204632),0.00079002+1i*(0.00176312),-6.14883e-07+1i*(-3.91788e-06),-1.49967e-07+1i*(-4.72422e-08),-0.00556255+1i*(0.00233972),5.13427e-08+1i*(-1.34645e-07),1.86362e-06+1i*(-2.59794e-06),-7.41137e-06+1i*(5.30539e-06),0.00674784+1i*(8.81638e-05),
2.22195,-0.00253164+1i*(0.0021189),0.000840209+1i*(0.00180134),-4.87332e-07+1i*(-4.38601e-06),-1.61657e-07+1i*(-5.1973e-08),-0.0054985+1i*(0.00239102),5.26105e-08+1i*(-1.55113e-07),1.91961e-06+1i*(-2.84552e-06),-7.76081e-06+1i*(5.77472e-06),0.00675852+1i*(9.49659e-05),
2.30043,-0.00253166+1i*(0.00219408),0.000892614+1i*(0.00183898),-3.42481e-07+1i*(-4.92759e-06),-1.74289e-07+1i*(-5.71573e-08),-0.00543167+1i*(0.00244162),5.29491e-08+1i*(-1.78312e-07),1.97034e-06+1i*(-3.11434e-06),-8.11594e-06+1i*(6.27887e-06),0.0067705+1i*(0.000102059),
2.38169,-0.00253168+1i*(0.00227195),0.000947251+1i*(0.00187589),-1.80332e-07+1i*(-5.55403e-06),-1.8794e-07+1i*(-6.28367e-08),-0.00536204+1i*(0.00249134),5.20597e-08+1i*(-2.0452e-07),2.01447e-06+1i*(-3.40586e-06),-8.47558e-06+1i*(6.81952e-06),0.00678393+1i*(0.000109407),
2.46581,-0.00253169+1i*(0.00235261),0.00100413+1i*(0.00191196),-1.46915e-09+1i*(-6.27832e-06),-2.02695e-07+1i*(-6.90567e-08),-0.0052896+1i*(0.00254),4.95849e-08+1i*(-2.34024e-07),2.0505e-06+1i*(-3.72162e-06),-8.83845e-06+1i*(7.39826e-06),0.00679896+1i*(0.000116965),
2.55291,-0.00253172+1i*(0.00243617),0.00106324+1i*(0.00194702),1.92757e-07+1i*(-7.11523e-06),-2.18643e-07+1i*(-7.5867e-08),-0.00521437+1i*(0.00258742),4.50998e-08+1i*(-2.67116e-07),2.07674e-06+1i*(-4.06318e-06),-9.20311e-06+1i*(8.01667e-06),0.00681576+1i*(0.000124672),
2.64308,-0.00253174+1i*(0.00252272),0.00112457+1i*(0.00198094),4.00016e-07+1i*(-8.08145e-06),-2.35882e-07+1i*(-8.3322e-08),-0.00513639+1i*(0.00263342),3.81045e-08+1i*(-3.04085e-07),2.09129e-06+1i*(-4.43216e-06),-9.56801e-06+1i*(8.67625e-06),0.00683449+1i*(0.000132449),
2.73644,-0.00253176+1i*(0.0026124),0.0011881+1i*(0.00201356),6.16727e-07+1i*(-9.1958e-06),-2.54517e-07+1i*(-9.14814e-08),-0.00505568+1i*(0.00267779),2.80151e-08+1i*(-3.45209e-07),2.09207e-06+1i*(-4.83022e-06),-9.93149e-06+1i*(9.3784e-06),0.00685535+1i*(0.0001402),
2.8331,-0.00253179+1i*(0.0027053),0.00125379+1i*(0.00204474),8.3775e-07+1i*(-1.04794e-05),-2.74661e-07+1i*(-1.00411e-07),-0.00497231+1i*(0.00272036),1.41553e-08+1i*(-3.90747e-07),2.07673e-06+1i*(-5.25903e-06),-1.02918e-05+1i*(1.01244e-05),0.00687852+1i*(0.000147805),
2.93317,-0.00253182+1i*(0.00280156),0.00132158+1i*(0.00207433),1.05601e-06+1i*(-1.19559e-05),-2.96437e-07+1i*(-1.10182e-07),-0.00488636+1i*(0.00276092),-4.25201e-09+1i*(-4.40923e-07),2.04273e-06+1i*(-5.7203e-06),-1.0647e-05+1i*(1.09156e-05),0.00690423+1i*(0.000155121),
3.03677,-0.00253185+1i*(0.00290129),0.00139142+1i*(0.00210217),1.26207e-06+1i*(-1.36517e-05),-3.19977e-07+1i*(-1.20876e-07),-0.00479792+1i*(0.00279929),-2.80924e-08+1i*(-4.95916e-07),1.98722e-06+1i*(-6.21576e-06),-1.09953e-05+1i*(1.17528e-05),0.00693269+1i*(0.000161974),
3.14404,-0.00253189+1i*(0.00300464),0.00146323+1i*(0.00212813),1.44359e-06+1i*(-1.55959e-05),-3.45424e-07+1i*(-1.32578e-07),-0.0047071+1i*(0.00283528),-5.83669e-08+1i*(-5.55838e-07),1.90712e-06+1i*(-6.74712e-06),-1.13345e-05+1i*(1.26372e-05),0.00696412+1i*(0.000168158),
3.25509,-0.00253193+1i*(0.00311173),0.00153691+1i*(0.00215206),1.58478e-06+1i*(-1.78206e-05),-3.72931e-07+1i*(-1.45388e-07),-0.00461404+1i*(0.00286871),-9.61976e-08+1i*(-6.20716e-07),1.79905e-06+1i*(-7.31611e-06),-1.16628e-05+1i*(1.35696e-05),0.00699874+1i*(0.000173433),
3.37006,-0.00253197+1i*(0.00322272),0.00161237+1i*(0.00217382),1.66566e-06+1i*(-2.03612e-05),-4.02665e-07+1i*(-1.59414e-07),-0.00451889+1i*(0.00289941),-1.42831e-07+1i*(-6.90468e-07),1.65934e-06+1i*(-7.92443e-06),-1.19781e-05+1i*(1.45505e-05),0.0070368+1i*(0.000177514),
3.4891,-0.00253201+1i*(0.00333774),0.0016895+1i*(0.00219329),1.6613e-06+1i*(-2.3256e-05),-4.34804e-07+1i*(-1.74774e-07),-0.0044218+1i*(0.00292721),-1.99638e-07+1i*(-7.64878e-07),1.48398e-06+1i*(-8.57377e-06),-1.22782e-05+1i*(1.55805e-05),0.00707851+1i*(0.000180075),
3.61234,-0.00253206+1i*(0.00345696),0.00176816+1i*(0.00221034),1.54094e-06+1i*(-2.65465e-05),-4.69544e-07+1i*(-1.91604e-07),-0.00432296+1i*(0.00295196),-2.68114e-07+1i*(-8.43565e-07),1.26865e-06+1i*(-9.26578e-06),-1.25613e-05+1i*(1.666e-05),0.0071241+1i*(0.000180739),
3.73994,-0.00253211+1i*(0.00358055),0.00184822+1i*(0.00222487),1.26692e-06+1i*(-3.02773e-05),-5.07094e-07+1i*(-2.10052e-07),-0.00422257+1i*(0.00297352),-3.49868e-07+1i*(-9.25948e-07),1.00869e-06+1i*(-1.00021e-05),-1.28254e-05+1i*(1.77893e-05),0.00717379+1i*(0.000179077),
3.87204,-0.00253216+1i*(0.00370866),0.00192953+1i*(0.00223679),7.93631e-07+1i*(-3.44954e-05),-5.4768e-07+1i*(-2.30287e-07),-0.00412084+1i*(0.00299178),-4.46618e-07+1i*(-1.01122e-06),6.99053e-07+1i*(-1.07842e-05),-1.30687e-05+1i*(1.89685e-05),0.00722776+1i*(0.000174599),
4.00881,-0.00253222+1i*(0.00384149),0.00201194+1i*(0.002246),6.61744e-08+1i*(-3.92503e-05),-5.91551e-07+1i*(-2.52495e-07),-0.00401799+1i*(0.00300663),-5.60163e-07+1i*(-1.09829e-06),3.34328e-07+1i*(-1.16136e-05),-1.32894e-05+1i*(2.01977e-05),0.00728618+1i*(0.000166756),
4.1504,-0.00253228+1i*(0.00397921),0.00209529+1i*(0.00225243),-9.80951e-07+1i*(-4.45933e-05),-6.38973e-07+1i*(-2.76887e-07),-0.00391425+1i*(0.00301798),-6.92368e-07+1i*(-1.18578e-06),-9.13031e-08+1i*(-1.24918e-05),-1.34859e-05+1i*(2.1477e-05),0.00734918+1i*(0.000154932),
4.297,-0.00253234+1i*(0.00412203),0.00217941+1i*(0.00225604),-2.42535e-06+1i*(-5.05763e-05),-6.90237e-07+1i*(-3.03698e-07),-0.00380987+1i*(0.00302576),-8.45122e-07+1i*(-1.27193e-06),-5.84077e-07+1i*(-1.34202e-05),-1.36568e-05+1i*(2.28061e-05),0.00741684+1i*(0.000138444),
4.44878,-0.0025324+1i*(0.00427014),0.00226414+1i*(0.00225678),-4.35828e-06+1i*(-5.72509e-05),-7.4566e-07+1i*(-3.33197e-07),-0.00370508+1i*(0.00302994),-1.0203e-06+1i*(-1.35462e-06),-1.15068e-06+1i*(-1.43999e-05),-1.38006e-05+1i*(2.41852e-05),0.00748917+1i*(0.000116539),
4.60592,-0.00253247+1i*(0.00442378),0.00234929+1i*(0.00225462),-6.88629e-06+1i*(-6.46668e-05),-8.05589e-07+1i*(-3.65681e-07),-0.00360016+1i*(0.00303048),-1.21971e-06+1i*(-1.43127e-06),-1.79826e-06+1i*(-1.54321e-05),-1.39164e-05+1i*(2.56142e-05),0.00756613+1i*(8.83932e-05),
4.76861,-0.00253253+1i*(0.00458316),0.00243471+1i*(0.00224956),-1.01328e-05+1i*(-7.28698e-05),-8.70401e-07+1i*(-4.0149e-07),-0.00349534+1i*(0.00302739),-1.44501e-06+1i*(-1.49885e-06),-2.53447e-06+1i*(-1.65181e-05),-1.4003e-05+1i*(2.7093e-05),0.00764757+1i*(5.3118e-05),
4.93705,-0.0025326+1i*(0.00474852),0.00252023+1i*(0.00224161),-1.42396e-05+1i*(-8.18994e-05),-9.4051e-07+1i*(-4.41006e-07),-0.00339089+1i*(0.00302069),-1.69766e-06+1i*(-1.55384e-06),-3.36752e-06+1i*(-1.76588e-05),-1.40598e-05+1i*(2.86219e-05),0.00773322+1i*(9.76099e-06),
5.11143,-0.00253266+1i*(0.00492013),0.00260567+1i*(0.0022308),-1.93684e-05+1i*(-9.17858e-05),-1.01637e-06+1i*(-4.84662e-07),-0.00328704+1i*(0.00301041),-1.9788e-06+1i*(-1.59219e-06),-4.30616e-06+1i*(-1.88551e-05),-1.40861e-05+1i*(3.02012e-05),0.0078227+1i*(-4.26837e-05),
5.29198,-0.00253273+1i*(0.00509823),0.0026909+1i*(0.00221716),-2.57017e-05+1i*(-0.000102546),-1.09848e-06+1i*(-5.32948e-07),-0.00318405+1i*(0.00299662),-2.28914e-06+1i*(-1.60933e-06),-5.35979e-06+1i*(-2.01079e-05),-1.40815e-05+1i*(3.18311e-05),0.00791546+1i*(-0.000105263),
5.4789,-0.00253278+1i*(0.00528311),0.00277575+1i*(0.00220076),-3.34434e-05+1i*(-0.000114181),-1.1874e-06+1i*(-5.86418e-07),-0.00308214+1i*(0.00297941),-2.62887e-06+1i*(-1.60018e-06),-6.53848e-06+1i*(-2.14179e-05),-1.40455e-05+1i*(3.35125e-05),0.0080108+1i*(-0.000179047),
5.67243,-0.00253283+1i*(0.00547508),0.0028601+1i*(0.00218165),-4.28191e-05+1i*(-0.000126668),-1.28372e-06+1i*(-6.45703e-07),-0.00298155+1i*(0.00295887),-2.99747e-06+1i*(-1.55919e-06),-7.85303e-06+1i*(-2.27858e-05),-1.39781e-05+1i*(3.52464e-05),0.0081078+1i*(-0.000265106),
5.87279,-0.00253287+1i*(0.00567444),0.00294381+1i*(0.00215993),-5.40745e-05+1i*(-0.000139959),-1.38813e-06+1i*(-7.11518e-07),-0.00288248+1i*(0.00293513),-3.39365e-06+1i*(-1.48038e-06),-9.31505e-06+1i*(-2.42122e-05),-1.38792e-05+1i*(3.70338e-05),0.00820534+1i*(-0.000364477),
6.08022,-0.0025329+1i*(0.00588152),0.00302679+1i*(0.00213568),-6.74744e-05+1i*(-0.00015397),-1.50138e-06+1i*(-7.84676e-07),-0.00278515+1i*(0.00290831),-3.8151e-06+1i*(-1.35747e-06),-1.09371e-05+1i*(-2.56975e-05),-1.37488e-05+1i*(3.88765e-05),0.00830206+1i*(-0.00047813),
6.29499,-0.00253291+1i*(0.00609668),0.00310892+1i*(0.00210901),-8.32983e-05+1i*(-0.00016858),-1.62429e-06+1i*(-8.66104e-07),-0.00268972+1i*(0.00287858),-4.25843e-06+1i*(-1.18396e-06),-1.27325e-05+1i*(-2.72422e-05),-1.3587e-05+1i*(4.07764e-05),0.00839638+1i*(-0.00060692),
6.51734,-0.0025329+1i*(0.0063203),0.00319015+1i*(0.00208004),-0.000101836+1i*(-0.000183621),-1.7578e-06+1i*(-9.56855e-07),-0.00259638+1i*(0.00284609),-4.719e-06+1i*(-9.53362e-07),-1.47161e-05+1i*(-2.88466e-05),-1.33937e-05+1i*(4.2736e-05),0.00848645+1i*(-0.000751536),
6.74754,-0.00253286+1i*(0.00655277),0.00327039+1i*(0.00204888),-0.00012338+1i*(-0.000198876),-1.90295e-06+1i*(-1.05814e-06),-0.00250527+1i*(0.00281101),-5.1908e-06+1i*(-6.59412e-07),-1.69035e-05+1i*(-3.05109e-05),-1.31691e-05+1i*(4.47581e-05),0.00857022+1i*(-0.000912439),
6.98588,-0.00253279+1i*(0.00679452),0.00334961+1i*(0.00201566),-0.000148219+1i*(-0.000214069),-2.0609e-06+1i*(-1.17132e-06),-0.00241653+1i*(0.00277353),-5.6664e-06+1i*(-2.96316e-07),-1.9312e-05+1i*(-3.22352e-05),-1.29132e-05+1i*(4.68461e-05),0.00864541+1i*(-0.00108981),
7.23263,-0.00253267+1i*(0.007046),0.00342779+1i*(0.00198049),-0.000176624+1i*(-0.000228868),-2.23298e-06+1i*(-1.29798e-06),-0.00233027+1i*(0.00273382),-6.13694e-06+1i*(1.40926e-07),-2.19603e-05+1i*(-3.40195e-05),-1.26259e-05+1i*(4.90039e-05),0.00870957+1i*(-0.00128347),
7.4881,-0.00253249+1i*(0.00730771),0.00350493+1i*(0.00194352),-0.00020884+1i*(-0.000242881),-2.42065e-06+1i*(-1.43993e-06),-0.00224661+1i*(0.00269209),-6.59214e-06+1i*(6.56184e-07),-2.48688e-05+1i*(-3.58637e-05),-1.23069e-05+1i*(5.12362e-05),0.00876015+1i*(-0.00149284),
7.7526,-0.00253225+1i*(0.00758016),0.00358103+1i*(0.00190487),-0.000245068+1i*(-0.000255657),-2.62561e-06+1i*(-1.59923e-06),-0.00216561+1i*(0.00264853),-7.0205e-06+1i*(1.25186e-06),-2.80599e-05+1i*(-3.77676e-05),-1.19558e-05+1i*(5.35479e-05),0.00879454+1i*(-0.00171688),
8.02643,-0.00253193+1i*(0.00786392),0.00365613+1i*(0.00186467),-0.000285457+1i*(-0.000266694),-2.84976e-06+1i*(-1.77826e-06),-0.00208734+1i*(0.00260332),-7.40946e-06+1i*(1.92853e-06),-3.15582e-05+1i*(-3.97308e-05),-1.15721e-05+1i*(5.5945e-05),0.00881022+1i*(-0.00195406),
8.30994,-0.0025315+1i*(0.00815958),0.00373031+1i*(0.00182304),-0.000330089+1i*(-0.000275448),-3.09526e-06+1i*(-1.97978e-06),-0.00201185+1i*(0.00255667),-7.74577e-06+1i*(2.68468e-06),-3.53908e-05+1i*(-4.17524e-05),-1.11547e-05+1i*(5.8434e-05),0.0088048+1i*(-0.00220234),
8.60346,-0.00253095+1i*(0.00846782),0.00380363+1i*(0.00178009),-0.000378966+1i*(-0.000281345),-3.36461e-06+1i*(-2.20693e-06),-0.00193918+1i*(0.00250876),-8.01589e-06+1i*(3.51648e-06),-3.95875e-05+1i*(-4.38317e-05),-1.07024e-05+1i*(6.10224e-05),0.00877621+1i*(-0.00245922),
8.90735,-0.00253026+1i*(0.00878933),0.00387619+1i*(0.00173595),-0.000432008+1i*(-0.000283798),-3.66066e-06+1i*(-2.46339e-06),-0.00186933+1i*(0.00245978),-8.20645e-06+1i*(4.41762e-06),-4.41815e-05+1i*(-4.59674e-05),-1.02136e-05+1i*(6.37184e-05),0.00872275+1i*(-0.00272171),
9.22198,-0.00252937+1i*(0.00912488),0.00394814+1i*(0.00169071),-0.000489045+1i*(-0.000282227),-3.98669e-06+1i*(-2.75338e-06),-0.00180232+1i*(0.00240991),-8.30481e-06+1i*(5.37936e-06),-4.92096e-05+1i*(-4.81577e-05),-9.68623e-06+1i*(6.65313e-05),0.00864323+1i*(-0.00298651),
9.54772,-0.00252827+1i*(0.00947531),0.0040196+1i*(0.00164447),-0.000549822+1i*(-0.000276078),-4.3465e-06+1i*(-3.08184e-06),-0.00173814+1i*(0.00235932),-8.29952e-06+1i*(6.39065e-06),-5.47126e-05+1i*(-5.04004e-05),-9.11769e-06+1i*(6.94713e-05),0.00853706+1i*(-0.00325004),
9.88496,-0.0025269+1i*(0.00984154),0.00409077+1i*(0.00159731),-0.000614006+1i*(-0.000264844),-4.7445e-06+1i*(-3.45449e-06),-0.00167675+1i*(0.00230819),-8.18084e-06+1i*(7.43841e-06),-6.07365e-05+1i*(-5.26926e-05),-8.50481e-06+1i*(7.25501e-05),0.00840429+1i*(-0.0035086),
10.2341,-0.00252521+1i*(0.0102246),0.00416184+1i*(0.00154931),-0.000681203+1i*(-0.000248081),-5.18583e-06+1i*(-3.87802e-06),-0.00161814+1i*(0.00225667),-7.94107e-06+1i*(8.50795e-06),-6.73325e-05+1i*(-5.50306e-05),-7.84371e-06+1i*(7.57805e-05),0.00824566+1i*(-0.00375852),
10.5956,-0.00252311+1i*(0.0106255),0.00423303+1i*(0.00150051),-0.000750972+1i*(-0.000225419),-5.67652e-06+1i*(-4.36022e-06),-0.00156227+1i*(0.00220492),-7.57486e-06+1i*(9.58341e-06),-7.45583e-05+1i*(-5.74096e-05),-7.12972e-06+1i*(7.91769e-05),0.00806256+1i*(-0.00399633),
10.9699,-0.00252054+1i*(0.0110455),0.00430461+1i*(0.00145097),-0.000822853+1i*(-0.000196576),-6.22367e-06+1i*(-4.91025e-06),-0.00150907+1i*(0.00215308),-7.07924e-06+1i*(1.06484e-05),-8.2479e-05+1i*(-5.98233e-05),-6.35722e-06+1i*(8.27555e-05),0.00785698+1i*(-0.00421885),
11.3573,-0.00251739+1i*(0.0114859),0.00437687+1i*(0.00140071),-0.000896385+1i*(-0.000161353),-6.83565e-06+1i*(-5.53887e-06),-0.0014585+1i*(0.00210129),-6.45359e-06+1i*(1.16863e-05),-9.11684e-05+1i*(-6.22639e-05),-5.51953e-06+1i*(8.65345e-05),0.0076314+1i*(-0.00442336),
11.7585,-0.00251353+1i*(0.0119483),0.00445012+1i*(0.00134973),-0.000971136+1i*(-0.000119632),-7.52244e-06+1i*(-6.25875e-06),-0.00141051+1i*(0.00204967),-5.69941e-06+1i*(1.26812e-05),-0.00010071+1i*(-6.47213e-05),-4.60866e-06+1i*(9.05344e-05),0.00738871+1i*(-0.00460766),
12.1738,-0.0025088+1i*(0.0124343),0.00452474+1i*(0.00129801),-0.00104672+1i*(-7.13652e-05),-8.29595e-06+1i*(-7.08486e-06),-0.00136501+1i*(0.00199835),-4.81991e-06+1i*(1.36176e-05),-0.0001112+1i*(-6.71828e-05),-3.61508e-06+1i*(9.47782e-05),0.00713207+1i*(-0.00477015),
12.6038,-0.002503+1i*(0.0129458),0.00460113+1i*(0.00124551),-0.00112283+1i*(-1.65558e-05),-9.17048e-06+1i*(-8.03493e-06),-0.00132194+1i*(0.00194742),-3.81963e-06+1i*(1.44812e-05),-0.000122746+1i*(-6.96321e-05),-2.52742e-06+1i*(9.92922e-05),0.00686471+1i*(-0.00490983),
13.049,-0.00249591+1i*(0.0134848),0.00467975+1i*(0.00119216),-0.00119924+1i*(4.47602e-05),-1.01633e-05+1i*(-9.13004e-06),-0.00128124+1i*(0.001897),-2.70389e-06+1i*(1.52587e-05),-0.000135475+1i*(-7.20484e-05),-1.33209e-06+1i*(0.000104106),0.0065899+1i*(-0.00502627),
13.5099,-0.00248721+1i*(0.0140537),0.00476112+1i*(0.00113785),-0.0012758+1i*(0.000112538),-1.12955e-05+1i*(-1.03953e-05),-0.00124283+1i*(0.00184718),-1.47823e-06+1i*(1.59377e-05),-0.000149532+1i*(-7.4405e-05),-1.27707e-08+1i*(0.000109255),0.00631077+1i*(-0.00511961),
13.9871,-0.00247653+1i*(0.0146553),0.00484583+1i*(0.00108244),-0.0013525+1i*(0.00018675),-1.25927e-05+1i*(-1.18608e-05),-0.00120663+1i*(0.00179805),-1.47954e-07+1i*(1.65066e-05),-0.000165085+1i*(-7.6668e-05),1.45019e-06+1i*(0.000114777),0.0060302+1i*(-0.00519044),
14.4812,-0.00246339+1i*(0.0152925),0.00493455+1i*(0.00102571),-0.00142941+1i*(0.00026741),-1.40865e-05+1i*(-1.35625e-05),-0.00117258+1i*(0.00174968),1.28234e-06+1i*(1.69538e-05),-0.000182329+1i*(-7.87938e-05),3.08061e-06+1i*(0.000120719),0.00575084+1i*(-0.00523978),
14.9927,-0.00244717+1i*(0.015969),0.00502803+1i*(0.00096743),-0.00150673+1i*(0.000354602),-1.58163e-05+1i*(-1.55437e-05),-0.00114061+1i*(0.00170216),2.80917e-06+1i*(1.72675e-05),-0.000201495+1i*(-8.07259e-05),4.90751e-06+1i*(0.000127132),0.00547496+1i*(-0.00526891),
15.5223,-0.00242711+1i*(0.0166888),0.00512715+1i*(0.00090725),-0.00158477+1i*(0.000448509),-1.7831e-05+1i*(-1.7857e-05),-0.00111063+1i*(0.00165556),4.43044e-06+1i*(1.74346e-05),-0.000222852+1i*(-8.23913e-05),6.9665e-06+1i*(0.000134078),0.00520449+1i*(-0.0052794),
16.0705,-0.00240218+1i*(0.0174567),0.00523294+1i*(0.000844748),-0.00166395+1i*(0.000549443),-2.01922e-05+1i*(-2.05656e-05),-0.0010826+1i*(0.00160995),6.14568e-06+1i*(1.74399e-05),-0.000246721+1i*(-8.36948e-05),9.30167e-06+1i*(0.00014163),0.00494101+1i*(-0.00527291),
16.6382,-0.00237108+1i*(0.0182782),0.00534657+1i*(0.000779376),-0.0017448+1i*(0.000657877),-2.29783e-05+1i*(-2.37469e-05),-0.00105644+1i*(0.00156539),7.95613e-06+1i*(1.7265e-05),-0.000273484+1i*(-8.45116e-05),1.1968e-05+1i*(0.000149872),0.00468574+1i*(-0.00525122),
17.2259,-0.00233208+1i*(0.01916),0.00546943+1i*(0.00071043),-0.00182799+1i*(0.000774492),-2.62896e-05+1i*(-2.74948e-05),-0.00103211+1i*(0.00152196),9.86475e-06+1i*(1.68866e-05),-0.000303598+1i*(-8.46766e-05),1.50347e-05+1i*(0.000158906),0.00443957+1i*(-0.00521611),
17.8343,-0.00228287+1i*(0.0201098),0.00560317+1i*(0.000637),-0.00191431+1i*(0.000900226),-3.02556e-05+1i*(-3.19246e-05),-0.00100954+1i*(0.00147973),1.1876e-05+1i*(1.62749e-05),-0.000337615+1i*(-8.39697e-05),1.85901e-05+1i*(0.000168851),0.00420311+1i*(-0.00516935),
18.4642,-0.00222037+1i*(0.0211372),0.00574974+1i*(0.000557899),-0.0020047+1i*(0.00103634),-3.50456e-05+1i*(-3.71775e-05),-0.000988696+1i*(0.00143877),1.39957e-05+1i*(1.5391e-05),-0.000376209+1i*(-8.2095e-05),2.27478e-05+1i*(0.000179853),0.00397666+1i*(-0.00511265),
19.1164,-0.00214038+1i*(0.0222535),0.0059115+1i*(0.000471565),-0.00210025+1i*(0.00118454),-4.08832e-05+1i*(-4.34273e-05),-0.000969542+1i*(0.00139918),1.62298e-05+1i*(1.41841e-05),-0.000420203+1i*(-7.86494e-05),2.76559e-05+1i*(0.000192086),0.00376032+1i*(-0.00504763),
19.7917,-0.00203709+1i*(0.0234726),0.00609129+1i*(0.000375913),-0.00220221+1i*(0.00134704),-4.80671e-05+1i*(-5.08875e-05),-0.000952048+1i*(0.00136107),1.85836e-05+1i*(1.2587e-05),-0.000470613+1i*(-7.30782e-05),3.35104e-05+1i*(0.000205761),0.00355392+1i*(-0.00497582),
20.4907,-0.00190238+1i*(0.0248118),0.00629257+1i*(0.000268127),-0.00231203+1i*(0.00152684),-5.7002e-05+1i*(-5.98204e-05),-0.000936194+1i*(0.00132456),2.10595e-05+1i*(1.05105e-05),-0.000528704+1i*(-6.4607e-05),4.05744e-05+1i*(0.000221137),0.00335711+1i*(-0.00489863),
21.2145,-0.00172467+1i*(0.0262923),0.00651958+1i*(0.000144336),-0.00243133+1i*(0.00172794),-6.82434e-05+1i*(-7.05467e-05),-0.00092197+1i*(0.00128983),2.36528e-05+1i*(7.83567e-06),-0.000596056+1i*(-5.2138e-05),4.92067e-05+1i*(0.000238529),0.00316935+1i*(-0.00481738),
21.9639,-0.00148718+1i*(0.0279411),0.00677755+1i*(-8.76428e-07),-0.00256188+1i*(0.00195573),-8.25664e-05+1i*(-8.34529e-05),-0.000909372+1i*(0.0012571),2.63457e-05+1i*(4.40212e-06),-0.000674662+1i*(-3.40889e-05),5.99057e-05+1i*(0.000258322),0.00298988+1i*(-0.00473324),
22.7397,-0.00116508+1i*(0.029792),0.00707289+1i*(-0.000175236),-0.00270551+1i*(0.00221767),-0.00010107+1i*(-9.89944e-05),-0.000898399+1i*(0.00122667),2.90949e-05+1i*(-7.42567e-09),-0.000767032+1i*(-8.13583e-06),7.33772e-05+1i*(0.000280983),0.00281769+1i*(-0.00464729),
23.5429,-0.000720779+1i*(0.0318878),0.00741339+1i*(-0.000390006),-0.00286382+1i*(0.00252409),-0.000125341+1i*(-0.00011768),-0.000889038+1i*(0.00119898),3.18108e-05+1i*(-5.68978e-06),-0.00087633+1i*(2.92047e-05),9.06411e-05+1i*(0.000307066),0.00265149+1i*(-0.00456042),
24.3744,-9.61066e-05+1i*(0.0342828),0.0078083+1i*(-0.000661976),-0.00303755+1i*(0.00288971),-0.00015771+1i*(-0.000140011),-0.000881235+1i*(0.00117461),3.43185e-05+1i*(-1.30525e-05),-0.00100648+1i*(8.32713e-05),0.000113204+1i*(0.000337201),0.0024896+1i*(-0.00447334),
25.2354,0.000801292+1i*(0.0370436),0.00826785+1i*(-0.00101677),-0.00322523+1i*(0.00333569),-0.000201669+1i*(-0.000166315),-0.000874833+1i*(0.00115443),3.62853e-05+1i*(-2.26552e-05),-0.00116218+1i*(0.000162436),0.000143338+1i*(0.000372026),0.00232977+1i*(-0.0043864),
26.1268,0.00212159+1i*(0.0402472),0.00880141+1i*(-0.00149436),-0.00342001+1i*(0.0038929),-0.000262516+1i*(-0.000196321),-0.000869434+1i*(0.00113972),3.70819e-05+1i*(-3.52552e-05),-0.00134848+1i*(0.000280123),0.000184542+1i*(0.000411978),0.00216899+1i*(-0.00429934),
27.0496,0.00411394+1i*(0.0439673),0.00941173+1i*(-0.00215801),-0.00360279+1i*(0.00460631),-0.000348338+1i*(-0.000228115),-0.000864091+1i*(0.0011323),3.55148e-05+1i*(-5.18298e-05),-0.00156926+1i*(0.000458232),0.000242264+1i*(0.000456719),0.00200311+1i*(-0.00421065),
28.005,0.00719459+1i*(0.0482246),0.0100794+1i*(-0.00310768),-0.00372689+1i*(0.00553914),-0.000471237+1i*(-0.000255666),-0.000856656+1i*(0.00113474),2.93191e-05+1i*(-7.34653e-05),-0.00182233+1i*(0.000732588),0.000324918+1i*(0.000503679),0.00182666+1i*(-0.0041162),
28.9942,0.0120394+1i*(0.0528415),0.0107228+1i*(-0.00449368),-0.00368581+1i*(0.00676931),-0.000647796+1i*(-0.000263167),-0.000842397+1i*(0.0011501),1.42725e-05+1i*(-0.000100759),-0.00208614+1i*(0.00115967),0.000444719+1i*(0.000544484),0.00163345+1i*(-0.00400655),
30.0184,0.0196113+1i*(0.0570686),0.0111077+1i*(-0.00650165),-0.00325509+1i*(0.00834941),-0.000894148+1i*(-0.000213707),-0.000811595+1i*(0.00118014),-1.68848e-05+1i*(-0.000131763),-0.0022872+1i*(0.00181569),0.000615601+1i*(0.000557275),0.00142051+1i*(-0.00386222),
31.0787,0.0306942+1i*(0.058874),0.0107051+1i*(-0.00920091),-0.0020428+1i*(0.0101545),-0.00120152+1i*(-3.56731e-05),-0.000747713+1i*(0.0012187),-7.35644e-05+1i*(-0.000156788),-0.00224284+1i*(0.00275028),0.000838891+1i*(0.000495748),0.00120167+1i*(-0.00365081),
32.1764,0.0439919+1i*(0.0546985),0.0087419+1i*(-0.012078),0.000322347+1i*(0.0115737),-0.00147697+1i*(0.000355351),-0.000636009+1i*(0.00123887),-0.000157127+1i*(-0.000152284),-0.00165646+1i*(0.00382017),0.00106349+1i*(0.000297582),0.00103254+1i*(-0.00334588),
33.3129,0.0538914+1i*(0.0427233),0.00510743+1i*(-0.0136927),0.00344728+1i*(0.0115672),-0.00152807+1i*(0.000927038),-0.000495239+1i*(0.0011968),-0.000240039+1i*(-9.38612e-05),-0.000419009+1i*(0.00452434),0.00116396+1i*(-3.43623e-05),0.000999218+1i*(-0.00299066),
34.4896,0.054878+1i*(0.0279963),0.00131867+1i*(-0.0130224),0.00594196+1i*(0.00991849),-0.00127004+1i*(0.00144822),-0.000385281+1i*(0.00108569),-0.000278226+1i*(3.59985e-06),0.000986685+1i*(0.00442949),0.00106502+1i*(-0.000360302),0.00110808+1i*(-0.00270734),
35.7079,0.0488966+1i*(0.0175193),-0.00107147+1i*(-0.0109318),0.00700875+1i*(0.00773701),-0.000865376+1i*(0.00174469),-0.000338246+1i*(0.000954298),-0.000265112+1i*(9.55748e-05),0.00197365+1i*(0.003763),0.000854569+1i*(-0.000553664),0.00125621+1i*(-0.00255555),
36.9691,0.041204+1i*(0.0127569),-0.00201794+1i*(-0.00875497),0.00705413+1i*(0.00596568),-0.000488338+1i*(0.0018544),-0.000335107+1i*(0.000842026),-0.000226649+1i*(0.000160778),0.0024616+1i*(0.00299004),0.000647927+1i*(-0.000622087),0.00136548+1i*(-0.00249241),
38.2749,0.0346144+1i*(0.0118118),-0.00213511+1i*(-0.00705135),0.00669073+1i*(0.00479173),-0.000190246+1i*(0.00187593),-0.000349476+1i*(0.000755552),-0.000183184+1i*(0.000203086),0.0026393+1i*(0.00233554),0.000487827+1i*(-0.000623409),0.00142477+1i*(-0.00246385),
39.6269,0.0297091+1i*(0.0128485),-0.00189456+1i*(-0.00585271),0.00625917+1i*(0.00408089),4.21517e-05+1i*(0.00187179),-0.000367263+1i*(0.000688295),-0.000142128+1i*(0.000231536),0.00267085+1i*(0.00183184),0.000372608+1i*(-0.000598528),0.00144837+1i*(-0.00244214),
41.0266,0.0262821+1i*(0.0148116),-0.00153715+1i*(-0.00504825),0.00589274+1i*(0.00367427),0.000233547+1i*(0.00186939),-0.000383378+1i*(0.000633004),-0.000104371+1i*(0.000252622),0.00264598+1i*(0.00144966),0.000290241+1i*(-0.00056712),0.00145084+1i*(-0.00241776),
42.4757,0.0240073+1i*(0.0171806),-0.00116991+1i*(-0.00452918),0.00563202+1i*(0.00345715),0.000404391+1i*(0.0018783),-0.000396734+1i*(0.000584496),-6.86679e-05+1i*(0.000269984),0.00260693+1i*(0.00115347),0.000229961+1i*(-0.00053721),0.00144202+1i*(-0.00238893),
43.976,0.0226173+1i*(0.0197082),-0.000838388+1i*(-0.00421624),0.00548393+1i*(0.00335422),0.000569645+1i*(0.0019003),-0.000407764+1i*(0.000539382),-3.32979e-05+1i*(0.00028538),0.00257232+1i*(0.000914684),0.000184032+1i*(-0.000511617),0.0014279+1i*(-0.00235656),
45.5294,0.0219218+1i*(0.0222742),-0.000562904+1i*(-0.00405575),0.00544512+1i*(0.0033147),0.000740355+1i*(0.00193377),-0.000417478+1i*(0.000495445),3.44509e-06+1i*(0.000299382),0.0025497+1i*(0.000712035),0.000147119+1i*(-0.000490968),0.001412+1i*(-0.00232237),
47.1375,0.0217889+1i*(0.0248121),-0.000354775+1i*(-0.00401093),0.00550961+1i*(0.00330094),0.000925014+1i*(0.00197514),-0.000427186+1i*(0.000451227),4.31148e-05+1i*(0.000311715),0.00254129+1i*(0.000529541),0.000115475+1i*(-0.000474961),0.00139629+1i*(-0.00228824),
48.8025,0.0221212+1i*(0.0272762),-0.000223296+1i*(-0.00405444),0.00566991+1i*(0.00328118),0.00113021+1i*(0.00201929),-0.00043844+1i*(0.000405859),8.70164e-05+1i*(0.000321366),0.00254631+1i*(0.000354652),8.63576e-05+1i*(-0.00046282),0.00138167+1i*(-0.00225609),
50.5263,0.0228344+1i*(0.029628),-0.000178114+1i*(-0.00416239),0.00591532+1i*(0.00322569),0.00136056+1i*(0.00205964),-0.000453038+1i*(0.000359065),0.000136028+1i*(0.000326624),0.00256176+1i*(0.000177119),5.77124e-05+1i*(-0.000453422),0.00136818+1i*(-0.00222776),
52.311,0.0238373+1i*(0.0318369),-0.000228709+1i*(-0.00430971),0.00622862+1i*(0.00310589),0.00161808+1i*(0.00208842),-0.00047294+1i*(0.000311311),0.000190296+1i*(0.000325139),0.00258248+1i*(-1.13467e-05),2.80647e-05+1i*(-0.000445301),0.00135501+1i*(-0.0022049),
54.1587,0.0250185+1i*(0.033894),-0.000381459+1i*(-0.00446708),0.0065828+1i*(0.00289695),0.00190126+1i*(0.00209774),-0.000500025+1i*(0.000263991),0.000248846+1i*(0.000314194),0.00260116+1i*(-0.000216678),-3.40506e-06+1i*(-0.00043666),0.00134055+1i*(-0.00218874),
56.0717,0.0262434+1i*(0.0358369),-0.000634839+1i*(-0.00460068),0.00693986+1i*(0.00258379),0.00220462+1i*(0.00208175),-0.000535633+1i*(0.000219512),0.000309257+1i*(0.000291286),0.0026089+1i*(-0.000441519),-3.66819e-05+1i*(-0.000425521),0.00132246+1i*(-0.00217968),
58.0523,0.0273712+1i*(0.03778),-0.000974563+1i*(-0.00467601),0.00725453+1i*(0.00216886),0.00251974+1i*(0.00203969),-0.000579959+1i*(0.000181052),0.000367722+1i*(0.00025501),0.00259672+1i*(-0.000684387),-7.07772e-05+1i*(-0.00041008),0.00129815+1i*(-0.00217692),
60.1028,0.0282941+1i*(0.0399343),-0.00137199+1i*(-0.00466568),0.00748434+1i*(0.00167759),0.00283873+1i*(0.00197856),-0.000631614+1i*(0.000151875),0.000419753+1i*(0.000205936),0.002558+1i*(-0.000939903),-0.000103833+1i*(-0.000389215),0.00126547+1i*(-0.00217832),
62.2257,0.0289876+1i*(0.0426026),-0.00178881+1i*(-0.0045581),0.00760332+1i*(0.00115605),0.00315969+1i*(0.00191357),-0.000687713+1i*(0.000134361),0.000461503+1i*(0.000146896),0.00249065+1i*(-0.00120085),-0.000133584+1i*(-0.00036291),0.00122346+1i*(-0.00218084),
64.4236,0.0295481+1i*(0.0461499),-0.00218746+1i*(-0.00436146),0.0076123+1i*(0.000659583),0.00349236+1i*(0.00186529),-0.000744644+1i*(0.000129259),0.000491098+1i*(8.23111e-05),0.00239777+1i*(-0.00146174),-0.000158053+1i*(-0.000332299),0.00117269+1i*(-0.00218137),
66.6992,0.0302047+1i*(0.0509744),-0.0025422+1i*(-0.00410011),0.00753997+1i*(0.00023754),0.0038617+1i*(0.00185457),-0.000799178+1i*(0.000135618),0.000509273+1i*(1.67616e-05),0.00228585+1i*(-0.0017223),-0.0001761+1i*(-0.000299246),0.00111498+1i*(-0.00217768),
69.0551,0.0313181+1i*(0.057511),-0.0028454+1i*(-0.0038054),0.00743525+1i*(-7.77436e-05),0.00430989+1i*(0.00189782),-0.00084933+1i*(0.000151443),0.000519038+1i*(-4.64376e-05),0.00216135+1i*(-0.00198975),-0.000187571+1i*(-0.00026571),0.00105258+1i*(-0.00216883),
71.4943,0.0334099+1i*(0.0662913),-0.00310767+1i*(-0.00350608),0.00735832+1i*(-0.000273569),0.00489993+1i*(0.00200385),-0.000894635+1i*(0.000174648),0.000524808+1i*(-0.000106111),0.002027+1i*(-0.00227973),-0.000193017+1i*(-0.00023323),0.000987385+1i*(-0.00215512),
74.0196,0.0372866+1i*(0.0780669),-0.00335529+1i*(-0.00322209),0.00737766+1i*(-0.000353663),0.00572629+1i*(0.00217043),-0.000935956+1i*(0.00020394),0.000531657+1i*(-0.000163596),0.00187782+1i*(-0.00261771),-0.000193229+1i*(-0.000202728),0.000920311+1i*(-0.00213764),
76.6341,0.044381+1i*(0.0940077),-0.00362979+1i*(-0.00296059),0.00757889+1i*(-0.000335854),0.00694128+1i*(0.00237328),-0.000975109+1i*(0.000239581),0.000545085+1i*(-0.000223269),0.00169455+1i*(-0.00304308),-0.000188764+1i*(-0.000174572),0.000850962+1i*(-0.00211781),
79.341,0.057647+1i*(0.115974),-0.00399514+1i*(-0.00270875),0.00809245+1i*(-0.000262129),0.00881472+1i*(0.00252594),-0.00101448+1i*(0.000284521),0.000571229+1i*(-0.000294494),0.00142664+1i*(-0.00361863),-0.000179454+1i*(-0.000148871),0.000777059+1i*(-0.0020968),
82.1434,0.0840948+1i*(0.146575),-0.004559+1i*(-0.00240521),0.00915701+1i*(-0.000255873),0.0118632+1i*(0.00232843),-0.00105601+1i*(0.000347222),0.000616254+1i*(-0.000398019),0.000939135+1i*(-0.0044456),-0.000163664+1i*(-0.000126161),0.000692982+1i*(-0.00207448),
85.0449,0.142559+1i*(0.186043),-0.00550319+1i*(-0.00181838),0.0112305+1i*(-0.000784551),0.0170464+1i*(0.000636369),-0.0010951+1i*(0.000449584),0.000675727+1i*(-0.000585598),-0.000170622+1i*(-0.00564139),-0.000136918+1i*(-0.000110008),0.000586099+1i*(-0.00204434),
88.0488,0.280382+1i*(0.201304),-0.00685199+1i*(-6.44957e-05),0.0146329+1i*(-0.00380503),0.0247038+1i*(-0.00710541),-0.00107925+1i*(0.000636708),0.000646609+1i*(-0.00097505),-0.0031073+1i*(-0.00677362),-9.41219e-05+1i*(-0.000118761),0.000437991+1i*(-0.00196689),
91.1589,0.45597+1i*(0.00942638),-0.00598091+1i*(0.00398885),0.0138964+1i*(-0.0126703),0.0215476+1i*(-0.0274795),-0.000808502+1i*(0.000803955),5.10317e-05+1i*(-0.0013991),-0.00803455+1i*(-0.00369182),-8.52227e-05+1i*(-0.000191311),0.000345985+1i*(-0.0017392),
94.3788,0.308794+1i*(-0.228915),-0.00163929+1i*(0.00445613),0.00435092+1i*(-0.0147363),-0.000564358+1i*(-0.0303659),-0.000581575+1i*(0.000580778),-0.000568632+1i*(-0.00094088),-0.0063175+1i*(0.00223735),-0.000170968+1i*(-0.000208536),0.000482312+1i*(-0.00160499),
97.7124,0.147881+1i*(-0.225726),-0.000155452+1i*(0.00256738),0.000407483+1i*(-0.0106984),-0.00855009+1i*(-0.020337),-0.000639161+1i*(0.000416521),-0.000535615+1i*(-0.000519057),-0.00291414+1i*(0.00307471),-0.000208935+1i*(-0.000160027),0.000534356+1i*(-0.00163203),
101.164,0.079215+1i*(-0.182389),1.79374e-06+1i*(0.00144036),-0.000334956+1i*(-0.00795492),-0.00946359+1i*(-0.0139437),-0.000713828+1i*(0.000372982),-0.000423417+1i*(-0.000356064),-0.00125193+1i*(0.00251857),-0.000213901+1i*(-0.000121003),0.000510753+1i*(-0.00164789),
104.737,0.0486023+1i*(-0.148129),-7.48602e-05+1i*(0.000851023),-0.000375525+1i*(-0.0063567),-0.00902593+1i*(-0.010323),-0.000764798+1i*(0.000372075),-0.000347911+1i*(-0.000291479),-0.000456924+1i*(0.0019331),-0.000210397+1i*(-9.27321e-05),0.000465766+1i*(-0.00164088),
108.437,0.0329724+1i*(-0.123619),-0.000170508+1i*(0.000523084),-0.000283576+1i*(-0.00535751),-0.00842864+1i*(-0.00809678),-0.000798212+1i*(0.000386932),-0.000304464+1i*(-0.000263174),-4.22977e-05+1i*(0.00146523),-0.000204406+1i*(-7.03962e-05),0.00041484+1i*(-0.00161875),
112.267,0.0240428+1i*(-0.105767),-0.00024916+1i*(0.000328575),-0.000183703+1i*(-0.00468251),-0.00789482+1i*(-0.0066065),-0.000819947+1i*(0.000409058),-0.000283038+1i*(-0.000249572),0.000183447+1i*(0.00109693),-0.00019717+1i*(-5.14166e-05),0.000362612+1i*(-0.00158583),
116.232,0.0184906+1i*(-0.0923277),-0.000308744+1i*(0.000208051),-0.000103011+1i*(-0.00419787),-0.00745279+1i*(-0.00554056),-0.000833264+1i*(0.00043544),-0.000277501+1i*(-0.000241723),0.000300064+1i*(0.00080078),-0.000188764+1i*(-3.46047e-05),0.000311206+1i*(-0.00154389),
120.338,0.0148138+1i*(-0.0818906),-0.000353091+1i*(0.000131874),-4.59433e-05+1i*(-0.00383371),-0.00709311+1i*(-0.00474182),-0.000839761+1i*(0.00046488),-0.00028457+1i*(-0.000234684),0.000342558+1i*(0.000558542),-0.000178932+1i*(-1.953e-05),0.000262478+1i*(-0.00149336),
124.588,0.0122615+1i*(-0.0735738),-0.000386182+1i*(8.43325e-05),-1.24468e-05+1i*(-0.00355031),-0.00680446+1i*(-0.00412651),-0.000840025+1i*(0.00049683),-0.000302475+1i*(-0.000224403),0.000325777+1i*(0.000362232),-0.000167329+1i*(-6.26559e-06),0.000218919+1i*(-0.00143409),
128.989,0.0104246+1i*(-0.0668161),-0.000411044+1i*(5.68582e-05),-2.97546e-06+1i*(-0.00332254),-0.00658433+1i*(-0.0036479),-0.000833924+1i*(0.000530943),-0.000329809+1i*(-0.000206103),0.000254969+1i*(0.000214958),-0.000153616+1i*(4.66304e-06),0.000184434+1i*(-0.00136607),
133.545,0.00905523+1i*(-0.0612579),-0.000429549+1i*(4.50349e-05),-2.00932e-05+1i*(-0.00313072),-0.00644663+1i*(-0.00327526),-0.000820582+1i*(0.000566832),-0.000363759+1i*(-0.000172778),0.000133777+1i*(0.000135778),-0.000137556+1i*(1.21261e-05),0.000165527+1i*(-0.00129079),
138.262,0.00796045+1i*(-0.0566718),-0.000441722+1i*(4.74656e-05),-6.73521e-05+1i*(-0.00295133),-0.00643253+1i*(-0.00296526),-0.000797847+1i*(0.000603505),-0.00039489+1i*(-0.000113896),-1.53542e-05+1i*(0.000170602),-0.00011946+1i*(1.37727e-05),0.000172727+1i*(-0.00121597),
143.146,0.00689832+1i*(-0.0528548),-0.000442382+1i*(6.37814e-05),-0.000131463+1i*(-0.00274498),-0.00658374+1i*(-0.0025825),-0.000761927+1i*(0.000636188),-0.000392386+1i*(-2.52509e-05),-7.73482e-05+1i*(0.00037203),-0.000103147+1i*(5.42657e-06),0.000212216+1i*(-0.00117016),
148.202,0.00572185+1i*(-0.0493498),-0.000422177+1i*(8.15138e-05),-0.000136692+1i*(-0.0025047),-0.00668362+1i*(-0.00192593),-0.000717559+1i*(0.00065217),-0.000324423+1i*(3.67683e-05),0.00014688+1i*(0.00055234),-0.000100596+1i*(-9.60047e-06),0.000232992+1i*(-0.00118729),
153.437,0.00486482+1i*(-0.0459311),-0.000396736+1i*(8.36345e-05),-7.95772e-05+1i*(-0.00233588),-0.00644788+1i*(-0.00130433),-0.000683306+1i*(0.000656257),-0.00027263+1i*(2.737e-05),0.000381268+1i*(0.000423374),-0.000108234+1i*(-1.37127e-05),0.000187087+1i*(-0.0011932),
158.857,0.00435753+1i*(-0.0429507),-0.000378917+1i*(8.2755e-05),-5.3918e-05+1i*(-0.00222639),-0.00617778+1i*(-0.000924708),-0.000654312+1i*(0.000662836),-0.000265881+1i*(2.17767e-05),0.000406672+1i*(0.000257636),-0.000111834+1i*(-1.08277e-05),0.000143825+1i*(-0.00115531),
164.468,0.0039464+1i*(-0.0403925),-0.000362872+1i*(8.46106e-05),-5.55011e-05+1i*(-0.00212304),-0.00599159+1i*(-0.000623375),-0.000623937+1i*(0.000669506),-0.000263666+1i*(3.59903e-05),0.000368905+1i*(0.000179829),-0.000112992+1i*(-7.74806e-06),0.00012134+1i*(-0.00111094),
170.277,0.00355913+1i*(-0.0381286),-0.000346197+1i*(8.74469e-05),-6.359e-05+1i*(-0.00201757),-0.00584527+1i*(-0.000326011),-0.000592654+1i*(0.000673772),-0.000253667+1i*(5.63582e-05),0.000341411+1i*(0.000154077),-0.000113944+1i*(-4.56586e-06),0.000107685+1i*(-0.00107287),
176.291,0.00319185+1i*(-0.0360802),-0.000329157+1i*(9.0009e-05),-6.99635e-05+1i*(-0.00191345),-0.00570211+1i*(-2.45423e-05),-0.00056155+1i*(0.000675445),-0.000237233+1i*(7.48359e-05),0.000334866+1i*(0.000146141),-0.00011485+1i*(-6.34596e-07),9.52308e-05+1i*(-0.00104054),
182.518,0.00285034+1i*(-0.034203),-0.000312351+1i*(9.19811e-05),-7.28188e-05+1i*(-0.00181396),-0.00554553+1i*(0.000273006),-0.000531105+1i*(0.000674948),-0.000217686+1i*(8.87802e-05),0.000343492+1i*(0.000139137),-0.000115305+1i*(4.1583e-06),8.13009e-05+1i*(-0.00101118),
188.965,0.00253858+1i*(-0.0324698),-0.000296153+1i*(9.34456e-05),-7.25858e-05+1i*(-0.00172075),-0.00537063+1i*(0.000557508),-0.000501418+1i*(0.000672658),-0.00019758+1i*(9.80822e-05),0.000359672+1i*(0.000126767),-0.000114979+1i*(9.57378e-06),6.56509e-05+1i*(-0.000982584),
195.64,0.00225765+1i*(-0.0308623),-0.000280707+1i*(9.45687e-05),-7.02221e-05+1i*(-0.00163428),-0.00517821+1i*(0.000822227),-0.00047247+1i*(0.000668799),-0.000178411+1i*(0.000103549),0.000377564+1i*(0.000107946),-0.000113737+1i*(1.52685e-05),4.89526e-05+1i*(-0.000953482),
202.55,0.00200664+1i*(-0.0293664),-0.000266017+1i*(9.54822e-05),-6.66087e-05+1i*(-0.00155434),-0.00497147+1i*(0.00106308),-0.000444246+1i*(0.000663481),-0.000160883+1i*(0.000106155),0.000393503+1i*(8.3779e-05),-0.000111601+1i*(2.09285e-05),3.20633e-05+1i*(-0.000923358),
209.705,0.00178352+1i*(-0.0279709),-0.000252032+1i*(9.62597e-05),-6.2395e-05+1i*(-0.00148041),-0.00475428+1i*(0.00127809),-0.000416778+1i*(0.000656766),-0.000145216+1i*(0.000106757),0.000405551+1i*(5.60397e-05),-0.000108682+1i*(2.63161e-05),1.57283e-05+1i*(-0.000892164),
217.112,0.00158579+1i*(-0.0266662),-0.000238685+1i*(9.69282e-05),-5.80067e-05+1i*(-0.00141189),-0.00453051+1i*(0.00146675),-0.000390136+1i*(0.000648713),-0.000131368+1i*(0.000106013),0.000412933+1i*(2.64819e-05),-0.000105129+1i*(3.12739e-05),4.93441e-07+1i*(-0.000860104),
224.781,0.00141086+1i*(-0.0254441),-0.000225918+1i*(9.7485e-05),-5.36991e-05+1i*(-0.00134817),-0.00430363+1i*(0.00162958),-0.000364411+1i*(0.000639397),-0.000119178+1i*(0.0001044),0.000415594+1i*(-3.42294e-06),-0.000101095+1i*(3.57112e-05),-1.32916e-05+1i*(-0.000827495),
232.72,0.00125623+1i*(-0.0242972),-0.000213683+1i*(9.79131e-05),-4.96109e-05+1i*(-0.00128871),-0.00407663+1i*(0.00176771),-0.000339697+1i*(0.000628917),-0.000108444+1i*(0.000102247),0.000413883+1i*(-3.25489e-05),-9.67256e-05+1i*(3.95873e-05),-2.54395e-05+1i*(-0.000794681),
240.94,0.00111958+1i*(-0.0232192),-0.000201951+1i*(9.81916e-05),-4.58065e-05+1i*(-0.00123305),-0.00385201+1i*(0.00188268),-0.00031608+1i*(0.000617391),-9.89651e-05+1i*(9.97759e-05),0.000408354+1i*(-6.00944e-05),-9.21449e-05+1i*(4.2897e-05),-3.58858e-05+1i*(-0.000761988),
249.451,0.000998822+1i*(-0.0222044),-0.000190699+1i*(9.83016e-05),-4.23059e-05+1i*(-0.00118078),-0.0036318+1i*(0.00197626),-0.000293627+1i*(0.000604953),-9.05575e-05+1i*(9.71308e-05),0.000399636+1i*(-8.55316e-05),-8.74577e-05+1i*(4.56581e-05),-4.46531e-05+1i*(-0.000729703),
258.262,0.000892082+1i*(-0.0212476),-0.000179915+1i*(9.82292e-05),-3.91038e-05+1i*(-0.00113155),-0.0034176+1i*(0.00205032),-0.000272383+1i*(0.000591745),-8.30631e-05+1i*(9.44053e-05),0.00038836+1i*(-0.000108551),-8.27491e-05+1i*(4.79031e-05),-5.18228e-05+1i*(-0.000698063),
267.384,0.000797692+1i*(-0.0203443),-0.000169592+1i*(9.79664e-05),-3.61821e-05+1i*(-0.00108509),-0.00321065+1i*(0.00210676),-0.000252372+1i*(0.000577909),-7.63485e-05+1i*(9.16584e-05),0.000375119+1i*(-0.000129008),-7.80857e-05+1i*(4.96726e-05),-5.75132e-05+1i*(-0.000667256),
276.829,0.000714177+1i*(-0.0194904),-0.000159723+1i*(9.75116e-05),-3.35168e-05+1i*(-0.00104113),-0.00301184+1i*(0.00214744),-0.000233599+1i*(0.000563584),-7.03032e-05+1i*(8.89266e-05),0.000360441+1i*(-0.000146881),-7.3519e-05+1i*(5.10111e-05),-6.18627e-05+1i*(-0.000637425),
286.607,0.000640232+1i*(-0.0186822),-0.000150305+1i*(9.68682e-05),-3.1083e-05+1i*(-0.000999476),-0.00282179+1i*(0.00217416),-0.000216047+1i*(0.0005489),-6.48359e-05+1i*(8.62318e-05),0.000344787+1i*(-0.000162237),-6.90874e-05+1i*(5.19642e-05),-6.50183e-05+1i*(-0.000608673),
296.73,0.00057471+1i*(-0.0179164),-0.000141331+1i*(9.60439e-05),-2.88564e-05+1i*(-0.000959933),-0.00264087+1i*(0.00218861),-0.000199689+1i*(0.000533977),-5.98715e-05+1i*(8.35868e-05),0.000328544+1i*(-0.000175199),-6.48182e-05+1i*(5.25763e-05),-6.71274e-05+1i*(-0.000581064),
307.211,0.000516597+1i*(-0.01719),-0.000132796+1i*(9.50497e-05),-2.68148e-05+1i*(-0.000922342),-0.00246927+1i*(0.00219236),-0.000184482+1i*(0.000518923),-5.5348e-05+1i*(8.09989e-05),0.000312033+1i*(-0.000185929),-6.07302e-05+1i*(5.28897e-05),-6.8332e-05+1i*(-0.000554639),
318.063,0.000465005+1i*(-0.0165001),-0.000124692+1i*(9.3899e-05),-2.49384e-05+1i*(-0.000886563),-0.00230701+1i*(0.00218684),-0.000170377+1i*(0.000503832),-5.12139e-05+1i*(7.84717e-05),0.000295513+1i*(-0.000194608),-5.6835e-05+1i*(5.29436e-05),-6.87657e-05+1i*(-0.000529409),
329.297,0.000419152+1i*(-0.0158444),-0.00011701+1i*(9.26064e-05),-2.32098e-05+1i*(-0.000852469),-0.00215399+1i*(0.00217338),-0.000157318+1i*(0.000488787),-4.7426e-05+1i*(7.60072e-05),0.000279191+1i*(-0.000201427),-5.31389e-05+1i*(5.2774e-05),-6.8551e-05+1i*(-0.000505371),
340.929,0.000378351+1i*(-0.0152206),-0.000109738+1i*(9.11874e-05),-2.1614e-05+1i*(-0.000819949),-0.00201002+1i*(0.00215315),-0.000145245+1i*(0.000473858),-4.39479e-05+1i*(7.36057e-05),0.000263223+1i*(-0.000206577),-4.96435e-05+1i*(5.24136e-05),-6.77986e-05+1i*(-0.000482505),
352.971,0.000342001+1i*(-0.0146266),-0.000102865+1i*(8.96575e-05),-2.0138e-05+1i*(-0.000788902),-0.00187481+1i*(0.00212721),-0.000134099+1i*(0.000459105),-4.07485e-05+1i*(7.12673e-05),0.000247729+1i*(-0.000210244),-4.63473e-05+1i*(5.18916e-05),-6.66071e-05+1i*(-0.000460781),
365.438,0.000309573+1i*(-0.0140605),-9.63769e-05+1i*(8.80322e-05),-1.87704e-05+1i*(-0.000759237),-0.00174805+1i*(0.0020965),-0.000123817+1i*(0.000444574),-3.78009e-05+1i*(6.89914e-05),0.000232796+1i*(-0.000212601),-4.32465e-05+1i*(5.12339e-05),-6.50636e-05+1i*(-0.00044016),
378.346,0.000280606+1i*(-0.0135205),-9.02596e-05+1i*(8.63261e-05),-1.75014e-05+1i*(-0.00073087),-0.00162937+1i*(0.00206184),-0.00011434+1i*(0.000430307),-3.50819e-05+1i*(6.67774e-05),0.000218481+1i*(-0.000213812),-4.03352e-05+1i*(5.04636e-05),-6.32437e-05+1i*(-0.000420599),
391.71,0.000254693+1i*(-0.013005),-8.44981e-05+1i*(8.45531e-05),-1.63225e-05+1i*(-0.000703727),-0.00151838+1i*(0.00202397),-0.000105608+1i*(0.000416333),-3.2571e-05+1i*(6.46246e-05),0.000204821+1i*(-0.000214027),-3.76063e-05+1i*(4.96008e-05),-6.1213e-05+1i*(-0.000402051),
405.546,0.000231479+1i*(-0.0125127),-7.9077e-05+1i*(8.27264e-05),-1.52261e-05+1i*(-0.000677738),-0.00141469+1i*(0.00198353),-9.7567e-05+1i*(0.000402677),-3.02502e-05+1i*(6.2532e-05),0.000191838+1i*(-0.000213383),-3.50519e-05+1i*(4.86632e-05),-5.90274e-05+1i*(-0.000384467),
419.871,0.000210653+1i*(-0.0120421),-7.39808e-05+1i*(8.08579e-05),-1.42056e-05+1i*(-0.000652838),-0.00131789+1i*(0.00194106),-9.01627e-05+1i*(0.000389357),-2.81035e-05+1i*(6.04988e-05),0.000179536+1i*(-0.000212002),-3.26637e-05+1i*(4.76661e-05),-5.67344e-05+1i*(-0.000367797),
434.701,0.000191942+1i*(-0.011592),-6.91937e-05+1i*(7.89585e-05),-1.32551e-05+1i*(-0.000628971),-0.00122759+1i*(0.00189705),-8.33453e-05+1i*(0.000376385),-2.61164e-05+1i*(5.85242e-05),0.000167912+1i*(-0.000209994),-3.04328e-05+1i*(4.66229e-05),-5.4374e-05+1i*(-0.000351993),
450.056,0.000175106+1i*(-0.0111612),-6.47001e-05+1i*(7.70382e-05),-1.23694e-05+1i*(-0.00060608),-0.00114339+1i*(0.00185192),-7.70682e-05+1i*(0.000363771),-2.4276e-05+1i*(5.66071e-05),0.000156952+1i*(-0.000207457),-2.83506e-05+1i*(4.55449e-05),-5.19796e-05+1i*(-0.000337005),
465.953,0.000159935+1i*(-0.0107487),-6.04849e-05+1i*(7.51058e-05),-1.15435e-05+1i*(-0.000584117),-0.00106492+1i*(0.00180602),-7.12877e-05+1i*(0.000351517),-2.25705e-05+1i*(5.47466e-05),0.000146638+1i*(-0.000204477),-2.64083e-05+1i*(4.44422e-05),-4.95786e-05+1i*(-0.000322788),
482.411,0.000146245+1i*(-0.0103534),-5.65328e-05+1i*(7.31692e-05),-1.07733e-05+1i*(-0.000563033),-0.000991819+1i*(0.00175965),-6.59636e-05+1i*(0.000339627),-2.09893e-05+1i*(5.29417e-05),0.000136949+1i*(-0.000201131),-2.45975e-05+1i*(4.33231e-05),-4.71937e-05+1i*(-0.000309295),
499.451,0.000133873+1i*(-0.00997456),-5.28295e-05+1i*(7.12355e-05),-1.00547e-05+1i*(-0.000542786),-0.00092373+1i*(0.00171309),-6.10584e-05+1i*(0.0003281),-1.95228e-05+1i*(5.11912e-05),0.000127857+1i*(-0.000197484),-2.29101e-05+1i*(4.2195e-05),-4.4843e-05+1i*(-0.000296485),
517.092,0.000122677+1i*(-0.0096112),-4.93609e-05+1i*(6.93108e-05),-9.38427e-06+1i*(-0.000523335),-0.000860324+1i*(0.00166655),-5.65377e-05+1i*(0.000316931),-1.81622e-05+1i*(4.94942e-05),0.000119337+1i*(-0.000193596),-2.1338e-05+1i*(4.10638e-05),-4.2541e-05+1i*(-0.000284316),
535.357,0.000112529+1i*(-0.00926256),-4.61132e-05+1i*(6.74004e-05),-8.75857e-06+1i*(-0.000504641),-0.000801291+1i*(0.00162023),-5.23701e-05+1i*(0.000306118),-1.68993e-05+1i*(4.78493e-05),0.00011136+1i*(-0.000189518),-1.98738e-05+1i*(3.9935e-05),-4.0299e-05+1i*(-0.00027275),
554.266,0.000103321+1i*(-0.0089279),-4.30737e-05+1i*(6.55092e-05),-8.17458e-06+1i*(-0.00048667),-0.000746333+1i*(0.00157427),-4.85264e-05+1i*(0.000295653),-1.57267e-05+1i*(4.62556e-05),0.000103897+1i*(-0.000185292),-1.85104e-05+1i*(3.88127e-05),-3.81255e-05+1i*(-0.00026175),
573.844,9.49529e-05+1i*(-0.00860654),-4.02299e-05+1i*(6.36409e-05),-7.62948e-06+1i*(-0.000469389),-0.000695174+1i*(0.00152882),-4.498e-05+1i*(0.000285531),-1.46378e-05+1i*(4.47119e-05),9.6919e-05+1i*(-0.000180959),-1.7241e-05+1i*(3.77008e-05),-3.6027e-05+1i*(-0.000251284),
594.113,8.7339e-05+1i*(-0.00829782),-3.75699e-05+1i*(6.17991e-05),-7.12066e-06+1i*(-0.000452765),-0.000647552+1i*(0.00148398),-4.17065e-05+1i*(0.000275744),-1.36262e-05+1i*(4.32168e-05),9.03993e-05+1i*(-0.00017655),-1.60591e-05+1i*(3.66022e-05),-3.40079e-05+1i*(-0.000241318),
615.099,8.04024e-05+1i*(-0.00800115),-3.50824e-05+1i*(5.99867e-05),-6.64569e-06+1i*(-0.000436769),-0.000603224+1i*(0.00143984),-3.86837e-05+1i*(0.000266283),-1.26862e-05+1i*(4.17693e-05),8.43101e-05+1i*(-0.000172095),-1.4959e-05+1i*(3.55195e-05),-3.20712e-05+1i*(-0.000231824),
636.825,7.40753e-05+1i*(-0.00771596),-3.27569e-05+1i*(5.8206e-05),-6.20231e-06+1i*(-0.000421375),-0.000561961+1i*(0.00139647),-3.58912e-05+1i*(0.000257141),-1.18125e-05+1i*(4.03681e-05),7.86252e-05+1i*(-0.000167617),-1.39348e-05+1i*(3.44547e-05),-3.02184e-05+1i*(-0.000222772),
659.319,6.82973e-05+1i*(-0.00744173),-3.05833e-05+1i*(5.64591e-05),-5.78841e-06+1i*(-0.000406555),-0.000523551+1i*(0.00135395),-3.33102e-05+1i*(0.000248307),-1.10003e-05+1i*(3.90119e-05),7.33195e-05+1i*(-0.000163138),-1.29815e-05+1i*(3.34095e-05),-2.84502e-05+1i*(-0.000214138),
682.607,6.30147e-05+1i*(-0.00717795),-2.85519e-05+1i*(5.47475e-05),-5.40203e-06+1i*(-0.000392285),-0.000487795+1i*(0.0013123),-3.09237e-05+1i*(0.000239774),-1.02451e-05+1i*(3.76996e-05),6.83689e-05+1i*(-0.000158675),-1.2094e-05+1i*(3.23852e-05),-2.67661e-05+1i*(-0.000205898),
706.718,5.81798e-05+1i*(-0.00692417),-2.66538e-05+1i*(5.30725e-05),-5.04136e-06+1i*(-0.000378542),-0.000454507+1i*(0.00127157),-2.87162e-05+1i*(0.000231532),-9.54274e-06+1i*(3.64299e-05),6.37507e-05+1i*(-0.000154243),-1.12678e-05+1i*(3.13828e-05),-2.51651e-05+1i*(-0.000198028),
731.681,5.37501e-05+1i*(-0.00667993),-2.48805e-05+1i*(5.14351e-05),-4.70469e-06+1i*(-0.000365304),-0.000423516+1i*(0.00123179),-2.66733e-05+1i*(0.000223573),-8.88941e-06+1i*(3.52017e-05),5.94432e-05+1i*(-0.000149855),-1.04987e-05+1i*(3.04032e-05),-2.36456e-05+1i*(-0.000190508),
757.525,4.96876e-05+1i*(-0.00644482),-2.3224e-05+1i*(4.9836e-05),-4.39042e-06+1i*(-0.00035255),-0.000394661+1i*(0.00119297),-2.47821e-05+1i*(0.000215887),-8.28159e-06+1i*(3.40137e-05),5.54262e-05+1i*(-0.000145522),-9.78264e-06+1i*(2.94469e-05),-2.22058e-05+1i*(-0.000183318),
784.282,4.59581e-05+1i*(-0.00621845),-2.16768e-05+1i*(4.82757e-05),-4.09708e-06+1i*(-0.00034026),-0.000367793+1i*(0.00115512),-2.30305e-05+1i*(0.000208465),-7.716e-06+1i*(3.28648e-05),5.16805e-05+1i*(-0.000141252),-9.11594e-06+1i*(2.85143e-05),-2.08431e-05+1i*(-0.00017644),
811.984,4.25314e-05+1i*(-0.00600046),-2.02319e-05+1i*(4.67545e-05),-3.82328e-06+1i*(-0.000328415),-0.000342773+1i*(0.00111826),-2.14076e-05+1i*(0.000201299),-7.18963e-06+1i*(3.17538e-05),4.81879e-05+1i*(-0.000137054),-8.49515e-06+1i*(2.76055e-05),-1.9555e-05+1i*(-0.000169857),
840.665,3.938e-05+1i*(-0.00579049),-1.88826e-05+1i*(4.52725e-05),-3.56771e-06+1i*(-0.000316998),-0.000319472+1i*(0.00108238),-1.99034e-05+1i*(0.000194381),-6.69969e-06+1i*(3.06795e-05),4.49316e-05+1i*(-0.000132931),-7.91708e-06+1i*(2.67207e-05),-1.83388e-05+1i*(-0.000163553),
870.359,3.64795e-05+1i*(-0.0055882),-1.76227e-05+1i*(4.38296e-05),-3.32918e-06+1i*(-0.000305992),-0.000297771+1i*(0.00104748),-1.85087e-05+1i*(0.000187701),-6.24359e-06+1i*(2.96409e-05),4.18958e-05+1i*(-0.000128891),-7.37875e-06+1i*(2.586e-05),-1.71915e-05+1i*(-0.000157514),
901.102,3.38077e-05+1i*(-0.00539329),-1.64463e-05+1i*(4.24257e-05),-3.10655e-06+1i*(-0.000295381),-0.000277559+1i*(0.00101355),-1.72151e-05+1i*(0.000181253),-5.81894e-06+1i*(2.86368e-05),3.90655e-05+1i*(-0.000124935),-6.87738e-06+1i*(2.5023e-05),-1.61103e-05+1i*(-0.000151725),
932.93,3.13448e-05+1i*(-0.00520545),-1.5348e-05+1i*(4.10604e-05),-2.89877e-06+1i*(-0.000285148),-0.00025873+1i*(0.000980594),-1.60149e-05+1i*(0.000175027),-5.42353e-06+1i*(2.76662e-05),3.6427e-05+1i*(-0.000121067),-6.41041e-06+1i*(2.42098e-05),-1.50921e-05+1i*(-0.000146175),
965.883,2.90728e-05+1i*(-0.0050244),-1.43228e-05+1i*(3.97335e-05),-2.70486e-06+1i*(-0.00027528),-0.000241191+1i*(0.000948585),-1.4901e-05+1i*(0.000169017),-5.05528e-06+1i*(2.6728e-05),3.39673e-05+1i*(-0.00011729),-5.97544e-06+1i*(2.34199e-05),-1.41339e-05+1i*(-0.00014085),
1000,2.69755e-05+1i*(-0.00484987),-1.33657e-05+1i*(3.84444e-05),-2.52388e-06+1i*(-0.000265763),-0.00022485+1i*(0.000917516),-1.38668e-05+1i*(0.000163214),-4.71231e-06+1i*(2.58212e-05),3.16742e-05+1i*(-0.000113605),-5.57024e-06+1i*(2.26531e-05),-1.32329e-05+1i*(-0.00013574),
