freq_Hz,Re_Y11,Im_Y11,Re_Y12,Im_Y12,Re_Y13,Im_Y13,Re_Y21,Im_Y21,Re_Y22,Im_Y22,Re_Y23,Im_Y23,Re_Y31,Im_Y31,Re_Y32,Im_Y32,Re_Y33,Im_Y33
1.0,-0.0025315106260066934,0.0009520114104944744,0.00014613070015304002,0.000960945911470342,-8.375639673199606e-8,-9.842851429174595e-8,-3.013618871580641e-8,-5.4133472743980835e-9,-0.006386978267822482,0.0012717466478459,8.079171054917129e-9,-5.220600851505049e-9,6.074668298576575e-7,-3.0689011513607824e-7,-2.1236962757282538e-6,6.773011771965738e-7,0.006671234055770532,1.2277922939613994e-5
1.0353218432956621,-0.0025315130032959633,0.0009856679637201458,0.00016102155227970863,0.0009915442239612283,-7.650337585951032e-8,-1.1478321268048854e-7,-3.237015411286982e-8,-5.990354021687377e-9,-0.006367864378550894,0.0013123094615780841,9.132121239712934e-9,-6.160708786813235e-9,6.461067752573534e-7,-3.3943787702081277e-7,-2.262761699922903e-6,7.478314426562924e-7,0.006671894766218459,1.3539331434951833e-5
1.0718913192051278,-0.0025315155911153847,0.0010205166113262732,0.00017687549050544985,0.0010228816577980298,-6.697428069879535e-8,-1.3393106656306627e-7,-3.477404192774158e-8,-6.6276463076166936e-9,-0.006347516512114626,0.0013538598406048067,1.0309381960406428e-8,-7.266089515271548e-9,6.868142399219582e-7,-3.753521113222713e-7,-2.409950460631133e-6,8.254232023513358e-7,0.006672649508757159,1.4923542207291112e-5
1.109752496412072,-0.00253151840978701,0.001056599823662417,0.00019374705649124926,0.001054951307178773,-5.4792661068100014e-8,-1.5635369008949145e-7,-3.736130117888756e-8,-7.3313162181187075e-9,-0.006325865125783012,0.001396389658664717,1.1622630561307337e-8,-8.56474983855293e-9,7.296405969528866e-7,-4.149657219062689e-7,-2.5656002026836764e-6,9.107335044943572e-7,0.006673511323589477,1.644124754533866e-5
1.1489510001873091,-0.0025315214817142797,0.0010939616116282776,0.00021169280317775456,0.0010877431674899405,-3.953364055968056e-8,-1.8261510617002554e-7,-4.0146499274958275e-8,-8.108038226719313e-9,-0.00630283816838275,0.001439886784360184,1.3083904023492663e-8,-1.0089171797480109e-8,7.74628249959711e-7,-4.586418389452047e-7,-2.7300429806545224e-6,1.004471876744088e-6,0.006674494984264958,1.8103831339048857e-5
1.1895340673703196,-0.002531524831592817,0.00113264758561547,0.0002307712126303212,0.0011212438376555017,-2.0719381424817864e-8,-2.133754813977437e-7,-4.314541862378355e-8,-8.965119983916894e-9,-0.006278361195711207,0.0014843346948266941,1.47053914407385e-8,-1.1876958476320371e-8,8.218084792098675e-7,-5.067760963545412e-7,-2.9036017676803434e-6,1.107403032476693e-6,0.006675617211823784,1.9923365245565704e-5
1.2315506032928256,-0.002531528486639291,0.0011727050170424855,0.0002510425855732867,0.0011554362100735583,2.1855168280831043e-9,-2.494070361969267e-7,-4.637516143788211e-8,-9.910556945200482e-9,-0.006252357523466432,0.0015297120733415378,1.6499151248999628e-8,-1.3971555278872067e-8,8.711989824131527e-7,-5.597990000513243e-7,-3.0865865054127366e-6,1.2203494520468812e-6,0.006676896911904372,2.1912592153071243e-5
1.2750512407130132,-0.0025315324768391666,0.0012141829026327418,0.0002725688993189748,0.0011902991499041712,2.9778575725036802e-8,-2.916124441711466e-7,-4.985426333236368e-8,-1.0953091081618687e-8,-0.0062247484220335735,0.001575992393181986,1.8476735974924085e-8,-1.6423050837716594e-8,9.228010793234165e-7,-6.181783756711571e-7,-3.2792896728398123e-6,1.344193779863646e-6,0.006678355436522326,2.4084893882785366e-5
1.3200884008314178,-0.0025315368352136114,0.0012571320315974744,0.00029541363070558277,0.0012258071659871667,6.272380684981694e-8,-3.410460721415583e-7,-5.360281627357535e-8,-1.2102273979518063e-8,-0.006195453357588553,0.001623143490715718,2.0648704312654555e-8,-1.9289060554493758e-8,9.765965479756796e-7,-6.824218810013471e-7,-3.4819813571335694e-6,1.4798809699032201e-6,0.006680016872182255,2.6454239563043032e-5
1.3667163564620066,-0.002531541598105746,0.0013016050558984145,0.0003196415406237867,0.0012619300762450436,1.0175570042230904e-7,-3.9893845247600133e-7,-5.764260157369229e-8,-1.3368534635542782e-8,-0.006164390284028828,0.0016711271314586867,2.3023997115037196e-8,-2.2635694085144665e-8,1.0325440593093562e-6,-7.530795646165043e-7,-3.6949038168892244e-6,1.6284201039509676e-6,0.006681908355885822,2.9035110544014127e-5
1.414991297434576,-0.0025315468054860086,0.0013476565637796614,0.00034531841674712856,0.0012986326710622263,1.4768258716428013e-7,-4.6672442151589435e-7,-6.199723346986877e-8,-1.4763252325823651e-8,-0.006131475990197944,0.0017198985736656832,2.5609150350526168e-8,-2.6538605760862175e-8,1.0905751762435054e-6,-8.307464480357705e-7,-3.918265537246249e-6,1.7908857987898242e-6,0.006684060420436241,3.184239709487189e-5
1.4649713983072858,-0.0025315525012757035,0.0013953431567740276,0.0003725107712043569,0.0013358743788235287,2.0138906101979803e-7,-5.460754017067599e-7,-6.669231400133676e-8,-1.629883498463974e-8,-0.006096626506714927,0.0017694061349217268,2.840731432173066e-8,-3.1084123831310916e-8,1.1505898830483464e-6,-9.160651041911742e-7,-4.15223478765675e-6,1.968419110942366e-6,0.0066865073701978675,3.4891261435761727e-5
1.516716888470923,-0.0025315587336875206,0.0014447235304066537,0.0004012854901577908,0.0013736089385351534,2.638370703999307e-7,-6.389363495405478e-7,-7.175559978739382e-8,-1.7988803611857783e-8,-0.006059757576428494,0.001819590768168467,3.141704452309111e-8,-3.63704503962834e-8,1.212451611240114e-6,-1.0097282001466219e-6,-4.3969327067031585e-6,2.1622278408985597e-6,0.00668928768813194,3.819696090479049e-5
1.5702901247293772,-0.0025315655555807957,0.0014958585588379935,0.0004317094326007497,0.0014117840852297795,3.3606519070124517e-7,-7.475679355257299e-7,-7.721718137466005e-8,-1.984788331899443e-8,-0.006020785192066551,0.0018703856546153856,3.463082551647634e-8,-4.250891877763533e-8,1.2759817292660573e-6,-1.1124809669067567e-6,-4.652425954303409e-6,2.3735861336360747e-6,0.00669244447447885,4.1774624247313716e-5
1.6257556664437942,-0.0025315730248281405,0.001548811383709531,0.0004638489761754769,0.0014503412546584202,4.19185478206265e-7,-8.74594564545492e-7,-8.310967576333675e-8,-2.18921017804057e-8,-0.005979626204019325,0.001921715822030918,3.803328531519198e-8,-4.96252887186578e-8,1.340953465101964e-6,-1.2251235539041737e-6,-4.918718990156593e-6,2.6038332688515666e-6,0.006696025916871899,4.5638973145037086e-5
1.6831803533309568,-0.002531581204689586,0.0016036475074790574,0.0004977695084601143,0.001489215314576124,5.143771727953666e-7,-1.0230588832059845e-6,-8.946843283119217e-8,-2.4138895972176872e-8,-0.00593619900035721,0.0019734977979579452,4.159905412477983e-8,-5.786105200514489e-8,1.4070852336157912e-6,-1.3485132204800447e-6,-5.19574605794603e-6,2.8543715339213585e-6,0.006700085790925859,4.980398018229657e-5
1.7426333860096501,-0.002531590164188321,0.001660434891558228,0.0005335348629934697,0.0015283343307107792,6.228763617029937e-7,-1.196483452599175e-6,-9.633175622910044e-8,-2.660722835042792e-8,-0.005890424260120882,0.002025639308418759,4.529021820793294e-8,-6.737471172155509e-8,1.4740333442511605e-6,-1.4835663115363927e-6,-5.483362977818478e-6,3.1266630752625366e-6,0.006704683989420413,5.428245348624873e-5
1.8041864093920723,-0.002531599978480742,0.0017192440595938374,0.0005712067003148905,0.0015676193762341245,7.459605359069999e-7,-1.3989402870987206e-6,-1.0374113949765812e-7,-2.9317713759271668e-8,-0.00584222577961455,0.0020780390336266417,4.905331735425845e-8,-7.834298722976762e-8,1.5413840693772944e-6,-1.631259959724888e-6,-5.781338874195449e-6,3.422225630555312e-6,0.006709887077067703,5.9085537289669516e-5
1.8679135990207825,-0.0025316107292118737,0.0017801482062657092,0.0006108438354997695,0.0016069843941949951,8.84926762069009e-7,-1.635128968527449e-6,-1.1174151804411924e-7,-3.229275878223139e-8,-0.005791531369871714,0.002130586433057365,5.281583339244056e-8,-9.096188398690075e-8,1.6086450594429036e-6,-1.792633452331756e-6,-6.08934799183036e-6,3.7426270560731577e-6,0.006715768866485919,6.42221166671668e-5
1.933891750455231,-0.002531622504844797,0.001843223312009388,0.0006525015150753527,0.0016463361228853779,1.0410619529445429e-6,-1.9104640354482666e-6,-1.2038153778957046e-7,-3.5556715474217216e-8,-0.005738273821642551,0.0021831616529001145,5.6482117789264285e-8,-1.05447552403661e-7,1.6752360980344676e-6,-1.968789197602397e-6,-6.406961779200433e-6,4.089478580336397e-6,0.006722411009367051,6.969811371006194e-5
2.0022003718155843,-0.0025316354009500223,0.0019085482641103834,0.0006962306477990202,0.0016855740944437061,1.2156034454148725e-6,-2.231172313547016e-6,-1.2971384125026684e-7,-3.913605190861112e-8,-0.005682391932179332,0.002235635529343051,5.992870915440365e-8,-1.2203684311162161e-7,1.7404791978239364e-6,-2.1608932230070202e-6,-6.733641443852201e-6,4.464426738677864e-6,0.006729903594894491,7.551566145937478e-5
2.0729217795953714,-0.0025316495204383642,0.001976204984659902,0.0007420769955604929,0.0017245907171070012,1.4096877845404508e-6,-2.6044007881355874e-6,-1.397953720596912e-7,-4.305954245041524e-8,-0.005623831585789377,0.0022878697012890486,6.299899701495031e-8,-1.4098744729452114e-7,1.803588047247877e-6,-2.3701751371625982e-6,-7.068731208032629e-6,4.8691439731376825e-6,0.006738345745201523,8.167214104395564e-5
2.146141197858404,-0.0025316649737169576,0.002046278565909716,0.0007900803326034124,0.0017632714513521892,1.6242852620979898e-6,-3.0383355151238836e-6,-1.506876989873107e-7,-4.7358481168804e-8,-0.005562546877617016,0.002339716845874547,6.549719718892398e-8,-1.6257749037773714e-7,1.863656827259001e-6,-2.5979274880829274e-6,-7.411452513258534e-6,5.305317918697586e-6,0.006747846195029142,8.815906671224038e-5
2.2219468609395236,-0.0025316818787449544,0.002118857413616919,0.0008402735833143865,0.0018014950896655085,1.8601173664915826e-6,-3.5423319123294976e-6,-1.6245736081872555e-7,-5.20669225545968e-8,-0.005498501267456767,0.0023910210495117937,6.718161713241407e-8,-1.8710442562299732e-7,1.9196484273947654e-6,-2.8455044535914256e-6,-7.76089943782249e-6,5.774639440270457e-6,0.006758523839704235,9.496080284952324e-5
2.3004301197729182,-0.0025317003609605314,0.0021940333990284468,0.0008926819509452258,0.001839134148799238,2.1175538661026346e-6,-4.127056556525846e-6,-1.7517623373160827e-7,-5.7221954322529155e-8,-0.005431668747656841,0.0024416183260292414,6.775720752294247e-8,-2.1488305155571347e-7,1.970382100352607e-6,-3.1143198052245642e-6,-8.116035599755325e-6,6.278789534623364e-6,0.006770508232076937,0.00010205309669586278
2.3816855519761586,-0.0025317205530465824,0.0022719020202211383,0.0009473220517519248,0.0018760553820752457,2.3964857698616436e-6,-4.804640318855923e-6,-1.889219231936622e-7,-6.286400800407168e-8,-0.005362035006432386,0.002491337291792505,6.686741976249797e-8,-2.4624245424885486e-7,2.014520603712777e-6,-3.4058440951807717e-6,-8.475692817692758e-6,6.81942526631497e-6,0.0067839400050873485,0.0001094014103911649
2.465811075822603,-0.00253174259449708,0.0023525625735866377,0.0010042010710708605,0.001912120417543962,2.6961698867152663e-6,-5.588842284967679e-6,-2.0377818291840377e-7,-6.903721390627356e-8,-0.0052895985652762455,0.0025400000054085887,6.408541878786299e-8,-2.8152165316295316e-7,2.050556885840021e-6,-3.7216010269679064e-6,-8.838571791466877e-6,7.398164965982305e-6,0.00679897119213127,0.00011695903625615184
2.552908068239517,-0.002531766630939615,0.0024361183363328233,0.0010633159597150518,0.0019471865255893356,3.015040143425318e-6,-6.4952234062244846e-6,-2.1983536401184235e-7,-7.57898080312515e-8,-0.005214371866753964,0.002587422976728497,5.890473713668229e-8,-3.210637084551202e-7,2.0768003796528705e-6,-4.063162984451425e-6,-9.203245041651737e-6,8.016572980377008e-6,0.0068157654123139596,0.00012466497997029116
2.643081486974105,-0.002531792813163585,0.002522676760965487,0.0011246526906578023,0.0019811075168877437,3.3504802213262255e-6,-7.5413281904357985e-6,-2.3719089831020885e-7,-8.317459968455365e-8,-0.005136382286934893,0.0026334183463717674,5.0729500297318396e-8,-3.6520802967369117e-7,2.0913629721348798e-6,-4.432145710950587e-6,-9.56816231129698e-6,8.676144324266849e-6,0.006834497881968053,0.00013244159765248405
2.7364399970746707,-0.002531821295795104,0.002612349682817628,0.0011881855971664925,0.0020137347685078915,3.698551447307532e-6,-8.746871936548583e-6,-2.559498205995327e-7,-9.1249509706269e-8,-0.005055673045187211,0.0026777952329351774,3.8864405311278914e-8,-4.142806119196132e-7,2.0921447182941263e-6,-4.830202149759452e-6,-9.93165858288753e-6,9.378289641791804e-6,0.006855355207411439,0.00014019197493803423
2.8330961018393244,-0.002531852235551589,0.0027052535418098443,0.0012538768142439213,0.0020449183724318685,4.0536692349651685e-6,-1.0133930013973872e-5,-2.762253357246781e-7,-1.0007819057917825e-7,-0.004972303983197833,0.002720361240486013,2.2504694796108417e-8,-4.685819174824939e-7,2.076819365000617e-6,-5.2590154795377904e-6,-1.029196479933546e-5,1.0124320935531275e-5,0.006878534906777994,0.0001477970391652784
2.9331662783900447,-0.0025318857889988387,0.002801509619756523,0.0013216758453205928,0.0020745083969660122,4.408220739760175e-6,-1.1727124444981058e-5,-2.9813943773770833e-7,-1.0973074109477623e-7,-0.004886352185009127,0.002760924113983566,7.264370783548739e-10,-5.283721204195956e-7,2.042819741902717e-6,-5.72029140184597e-6,-1.0647221299797033e-5,1.0915438561914935e-5,0.006904244600815257,0.00015511239997536254
3.036771118035458,-0.002531922109722243,0.002901244294680193,0.0013915192755239352,0.002102356247504204,4.752115797264008e-6,-1.3553801522603807e-5,-3.218235896149509e-7,-1.202845298233047e-7,-0.004797912410716981,0.0027992935250658905,-2.752250000153319e-8,-5.938534405012592e-7,1.9873230626198494e-6,-6.215749763060263e-6,-1.0995493891472498e-5,1.1752720018289632e-5,0.0069327008037685465,0.00016196491929099883
3.1440354715914998,-0.002531961344809995,0.003004589313763569,0.0014633306514551683,0.002128316109044553,5.072262699189141e-6,-1.564419233582559e-5,-3.4741947376018085e-7,-1.3182514332911843e-7,-0.00470709731834691,0.0028352829653628016,-6.343030905014462e-8,-6.651493135679542e-7,1.9072361591156284e-6,-6.747115617936806e-6,-1.1334792379599452e-5,1.2637111056091552e-5,0.006964127235843765,0.00016814901915737903
3.2550885998350583,-0.002532003630532012,0.0031116820867579365,0.0015370205451848212,0.0021522464489053096,5.351959988743847e-6,-1.803154582135615e-5,-3.750798254126504e-7,-1.4444747689169499e-7,-0.004614037451377023,0.0028687117193631874,-1.0832737157521246e-7,-7.422801800202807e-7,1.7991806449446166e-6,-7.316109866101927e-6,-1.166309127337015e-5,1.3569419643948996e-5,0.006998752568291301,0.00017342274578331117
3.370064329271928,-0.0025320490870786253,0.0032226660018811306,0.0016124868171242452,0.0021740115544185345,5.570195308233268e-6,-2.075222125633859e-5,-4.049693628848771e-7,-1.5825698762911894e-7,-0.004518880973421745,0.0028994068841112553,-1.6368998973243224e-7,-8.2513572467212e-7,1.6594779687577536e-6,-7.92443961463794e-6,-1.1978352280202859e-5,1.4550313271457455e-5,0.0070368075009886785,0.00017750362091664216
3.489101213406773,-0.00253209781220308,0.0033376907664817612,0.001689615088575658,0.002193483077190889,5.700842522192248e-6,-2.3845723886762774e-5,-4.3726583105230583e-7,-1.733711321785136e-7,-0.004421793136686559,0.002927205398880668,-2.3114094994631497e-7,-9.134434726724174e-7,1.4841342779394898e-6,-8.573788438196887e-6,-1.2278548099592093e-5,1.558032002846156e-5,0.007078521060750333,0.00018006432816797903
3.6123426997094312,-0.00253214987358521,0.0034569127750237023,0.0017682794301864069,0.002210541552999168,5.711749019404296e-6,-2.735466359496357e-5,-4.721611768077448e-7,-1.8992101383273285e-7,-0.004322955476848722,0.0029519560447252395,-3.1244603554446773e-7,-1.0067337414809325e-6,1.2688249637644145e-6,-9.26580672164478e-6,-1.2561686936792741e-5,1.6659833816129102e-5,0.00712411599687737,0.00018072830295770236
3.739937302478798,-0.0025322052997037475,0.003580495507260494,0.0018483432673618324,0.0022250778647105417,5.563706468133776e-6,-3.132461210286888e-5,-5.098628780758289e-7,-2.0805326701060025e-7,-0.00422256473384697,0.0029735213716596447,-4.095054906680798e-7,-1.1043010725768566e-6,1.0088787045136444e-6,-1.0002102277645771e-5,-1.2825837081300226e-5,1.778912394673404e-5,0.007173803139369099,0.00017906532145700222
3.872038781812555,-0.0025322640689672197,0.0037086099598293678,0.0019296604980977416,0.0022369946149334904,5.209300616552187e-6,-3.580382916991207e-5,-5.505954509608005e-7,-2.2793221073815933e-7,-0.00412083150545085,0.002991779510379698,-5.243393219884528e-7,-1.2051624243775003e-6,6.992607621558112e-7,-1.0784231432040604e-5,-1.3069150840866693e-5,1.8968349272956503e-5,0.007227774575825302,0.00017458721741637473
4.008806328898465,-0.002532326096808921,0.0038414351149065585,0.0020120768128925573,0.0022462073755268918,4.591639319834006e-6,-4.0842822608470016e-5,-5.946021630209793e-7,-2.497423069905684e-7,-0.004017978648150715,0.00300662582603439,-6.590652122652499e-7,-1.3080126067261804e-6,3.3455522247632885e-7,-1.1613690762222658e-5,-1.328988709351557e-5,2.0197576858933258e-5,0.007286195496971828,0.00016674389740441137
4.150404757850476,-0.002532391220397714,0.003979158450036307,0.002095431200631567,0.002252645782683061,3.642963233911781e-6,-4.6493700815314496e-5,-6.421469846509501e-7,-2.736909650690732e-7,-0.003914239447548588,0.003017974373692003,-8.158677168660693e-7,-1.4111776855809079e-6,-9.105420111261162e-8,-1.249190965766553e-5,-1.3486431720390503e-5,2.147680507136856e-5,0.0073491945602249305,0.00015491987597860568
4.297004704320841,-0.002532459180550559,0.004121976493786478,0.00217955761886536,0.0022562544490588644,2.2831510159597564e-6,-5.2809270131984254e-5,-6.935168149079436e-7,-3.000117393862126e-7,-0.00380985558770003,0.0030257591188049982,-9.96957330701654e-7,-1.5125673938496834e-6,-5.838052526205919e-7,-1.3420243846978603e-5,-1.3657315213606725e-5,2.2805990836384622e-5,0.007416852628928859,0.00013843161374566034
4.448782831127585,-0.0025325296003535515,0.004270095432503848,0.002264286801991612,0.002256993668297932,4.181409495472149e-7,-5.9841823094324515e-5,-7.49024023423665e-7,-3.2896797561825144e-7,-0.0037050749554185173,0.003029934891095961,-1.204517963156723e-6,-1.6096279609864169e-6,-1.150380634710907e-6,-1.4399970002529461e-5,-1.3801226814708458e-5,2.4185080684714128e-5,0.007489189766068625,0.00011652601372953712
4.605922041145106,-0.0025326019599018396,0.004423731774156241,0.0023494481767447764,0.0022548398921426083,-2.061695758604583e-6,-6.764155813724958e-5,-8.090093560937186e-7,-3.608569693849271e-7,-0.0036001493210869344,0.00303047804670037,-1.4406413634236599e-6,-1.6992972300118823e-6,-1.797934529925689e-6,-1.543228149233906e-5,-1.3917024628975773e-5,2.5614045101510077e-5,0.007566150400801833,8.838051463933151e-5
4.768611697714471,-0.00253267556645158,0.0045831130760718075,0.0024348718513186735,0.0022497859659947185,-5.283177629598712e-6,-7.625456751318139e-5,-8.738452597139172e-7,-3.960147126726722e-7,-0.003495331941746023,0.0030273868208752193,-1.7072471274692602e-6,-1.7779644736395954e-6,-2.5341228235525817e-6,-1.651828530041975e-5,-1.4003741274276353e-5,2.7092915615164692e-5,0.00764758665077773,5.310531171388046e-5
4.937047852839003,-0.0025327495191361017,0.00474847874433678,0.00252039064256491,0.0022418411150165905,-9.391857751256719e-6,-8.572032936929024e-5,-9.439396895550758e-7,-4.348213165616689e-7,-0.0033908751349297534,0.003020681361815279,-2.0059871298539534e-6,-1.8414379530585797e-6,-3.367137789384403e-6,-1.765900008199568e-5,-1.4060584754319911e-5,2.862182400717111e-5,0.007733239880810231,9.748332740652049e-6
5.111433483440167,-0.0025328226672229216,0.00492008091371625,0.002605842105138949,0.0022310306793991226,-1.4553391241866718e-5,-9.606864386315247e-5,-1.0197404745227614e-6,-4.777072150455971e-7,-0.003287027872750412,0.0030104034447630016,-2.338133608979308e-6,-1.884923975179899e-6,-4.305748082206598e-6,-1.8855355260456386e-5,-1.4086934387842799e-5,3.020104300765977e-5,0.00782272071772731,-4.26963087184465e-5
5.291978735958442,-0.0025328935606790887,0.005098185418240404,0.0026910705272547284,0.0022173956039717303,-2.0954595842342618e-5,-0.00010731596410986646,-1.101740327997184e-6,-5.251602739228014e-7,-0.003184033445048055,0.002996615874280432,-2.70445075361424e-6,-1.903021971216764e-6,-5.359344967884878e-6,-2.0108191009351122e-5,-1.4082331769042054e-5,3.183102785982311e-5,0.007915487930765587,-0.00010527558059229235
5.478901179593942,-0.0025329603915595685,0.005283072864090246,0.0027759288598354754,0.00220099169359743,-2.8804043130109968e-5,-0.0001194610933254598,-1.190482608273957e-6,-5.777339522191676e-7,-0.0030821272380462355,0.002979401590895661,-3.1050505598663597e-6,-1.8897408906967121e-6,-6.537995816625784e-6,-2.1418258896510147e-5,-1.4046466871983453e-5,3.351245819276353e-5,0.008010826833814072,-0.00017905966880834876
5.672426068491979,-0.0025330209244069824,0.005475039818158598,0.002860280549228289,0.0021818886515077517,-3.833198392302335e-5,-0.00013248025272849417,-1.2865679525804735e-6,-6.360566913071358e-7,-0.0029815346710241847,0.002958862505988183,-3.5392350194186033e-6,-1.8385428952505637e-6,-7.852505990667538e-6,-2.2786222898894222e-5,-1.397915953449416e-5,3.5246279733683646e-5,0.008107828173379664,-0.0002651181376662483
5.872786613189481,-0.0025330724134800652,0.005674400127690525,0.0029440012481346555,0.002160168922641591,-4.978938025788195e-5,-0.00014632157352214333,-1.3906619329428765e-6,-7.0084274053482e-7,-0.002882469328229276,0.0029351180954256717,-4.005328417863403e-6,-1.7424208173424936e-6,-9.31449037920889e-6,-2.4212660426325445e-5,-1.3880336657939227e-5,3.703374551379943e-5,0.008205368830449856,-0.0003644893594004826
6.080224261649422,-0.002533111504142647,0.005881486388813599,0.0030269803848058797,0.002135926367959926,-6.344579339061492e-5,-0.00016089913290943426,-1.5035039122464572e-6,-7.729046682043843e-7,-0.0027851313168813963,0.0029083037878599688,-4.5005056900964386e-6,-1.5940159427045139e-6,-1.0936455977020156e-5,-2.5698062919246348e-5,-1.3750005531863855e-5,3.8876456373448396e-5,0.008302096070193773,-0.00047814266917234083
6.294988990221888,-0.0025331341151704156,0.006096651584582038,0.0031091225766377907,0.002109264798470933,-7.958587011292354e-5,-0.0001760867394250528,-1.6259173158449804e-6,-8.531678550761612e-7,-0.002689705874976735,0.002878569187557674,-5.020625362054195e-6,-1.3857821557120408e-6,-1.2731897075336145e-5,-2.7242835508692608e-5,-1.3588223732658579e-5,4.077640074429353e-5,0.008396417489203967,-0.0006069330703900213
6.517339604882424,-0.00253313529800205,0.00632027091648552,0.0031903488808283646,0.0020802963992329077,-9.850418774647617e-5,-0.0001917117750371481,-1.758821579945301e-6,-9.426873254839857e-7,-0.0025963622450206054,0.002846076174088002,-5.560078475353446e-6,-1.1102010938555493e-6,-1.4715404843747343e-5,-2.884729514333511e-5,-1.3395066050030872e-5,4.273599387532319e-5,0.008486499183515937,-0.0007515488751256626
6.747544053110695,-0.0025331090680650054,0.006552743857340784,0.003270597881502798,0.0020491400738838444,-0.00012049827204179543,-0.00020754951457374086,-1.9032460944935398e-6,-1.0426673412590998e-6,-0.0025052528221466935,0.002810996922107149,-6.1116677858076745e-6,-7.600504286181751e-7,-1.69027933393038e-5,-3.051166649523518e-5,-1.3170588862935868e-5,4.475811686865057e-5,0.008570274916205444,-0.0009124534351361111
6.985879746785248,-0.002533048202193083,0.006794496458184485,0.003349826619440016,0.0020159197393071356,-0.00014585970206057404,-0.00022331845574638152,-2.06034652854154e-6,-1.1544842679396985e-6,-0.002416512577635155,0.002773511883932141,-6.666534034655477e-6,-3.287235181406433e-7,-1.9311244296360592e-5,-3.2236074847535506e-5,-1.2914792318246914e-5,4.6846156096506264e-5,0.008645469102996567,-0.0010898230932021053
7.232633896483535,-0.0025329439947414344,0.007045983947411342,0.0034280113770711255,0.0019807625979626283,-0.00017486336918664643,-0.000238677287810961,-2.231424013310599e-6,-1.279713325451746e-6,-0.002330258751909648,0.0027338077757224715,-7.2141476383048864e-6,1.894066083308407e-7,-2.1959473442122862e-5,-3.402053503725916e-5,-1.2627580561487012e-5,4.9004043779726684e-5,0.008709636145973887,-0.0012834846123878057
7.488103857590023,-0.002532785963249537,0.007307693667150636,0.003505148337626335,0.0019437974123052675,-0.00020775516451452183,-0.00025322418020869386,-2.417947767148716e-6,-1.4201599595838906e-6,-0.002246590804909391,0.002692075605074106,-7.742384029779966e-6,7.9859250623596e-7,-2.4867921565953873e-5,-3.586493536554297e-5,-1.2308720131345178e-5,5.123630071918409e-5,0.00876021792058133,-0.001492856516104992
7.75259748862946,-0.0025325614922719892,0.007580148399991995,0.003581254143098588,0.0019051528017117478,-0.00024473862050447076,-0.0002664990570454397,-2.6215818824598984e-6,-1.577896722549074e-6,-0.002165590606474752,0.002648508773903514,-8.237698384954996e-6,1.5013076603086456e-6,-2.805897416605021e-5,-3.7769015184789275e-5,-1.1957796459930185e-5,5.3548082386131686e-5,0.00879461998240363,-0.0017168998244423588
8.026433522257175,-0.0025322554011744497,0.007863910149000739,0.003656366381050018,0.0018649555775795176,-0.0002859613058152897,-0.00027798941249004215,-2.844217166311598e-6,-1.755306736190823e-6,-0.0020873228451696053,0.002603301285907205,-8.685409984746457e-6,2.2978598879513962e-6,-3.155721423182324e-5,-3.9732334612423813e-5,-1.157416821907131e-5,5.594522979975355e-5,0.008810305298120429,-0.001954084374786915
8.309941949353393,-0.002531849418084826,0.008159584445878243,0.0037305440352538104,0.0018233291268768353,-0.00033150202857466543,-0.0002871399974250534,-3.0880091419520667e-6,-1.9551350389866104e-6,-0.0020118356308459137,0.0025566460828771193,-9.070097758083688e-6,3.1860564601062572e-6,-3.538971362632194e-5,-4.17542344854482e-5,-1.115691901889531e-5,5.843432685599938e-5,0.008804902114692066,-0.0022023770102178332
8.603464416684504,-0.0025313215375784076,0.008467825276664662,0.0038038679398487373,0.0017803918485076848,-0.000381360092645594,-0.00029336636663962793,-3.3554235924119398e-6,-2.1805493977887707e-6,-0.0019391612642342556,0.0025087335289774226,-9.376096959653136e-6,4.16095734297843e-6,-3.9586369651331744e-5,-4.383378423356882e-5,-1.070480569486639e-5,6.1022766031063925e-5,0.008776320188275066,-0.002459257171880522
8.907354638610439,-0.0025306452337164843,0.008789340732192657,0.003876441281260935,0.001736255640465956,-0.00043544791861937457,-0.00029607184028641886,-3.649291375938592e-6,-2.435212510767152e-6,-0.0018693171458689464,0.0024597500569670033,-9.588073552389608e-6,5.214751306786848e-6,-4.418029476075255e-5,-4.59697147793465e-5,-1.021620210699623e-5,6.371882467811466e-5,0.008722867355332955,-0.0027217636978555176
9.221978823334327,-0.0025297884923564883,0.009124899512411517,0.00394839019686285,0.001691024428885845,-0.0004935882391174671,-0.0002946669529337194,-3.972874688977418e-6,-2.7233679556070486e-6,-0.0018023067966391572,0.0024098769854779805,-9.69163954238629e-6,6.336782586821509e-6,-4.920826910159824e-5,-4.816033282799917e-5,-9.689037009303205e-6,6.653175448305495e-5,0.008643356786788632,-0.002986573933218396
9.54771611420806,-0.0025287126166054926,0.009475338440826694,0.004019864524502419,0.0016447927226681473,-0.0005555167824101743,-0.0002885900126398519,-4.3299475264098365e-6,-3.04994276843914e-6,-0.0017381209630819485,0.002359289511994566,-9.673961652430586e-6,7.513743194424335e-6,-5.4711267692364896e-5,-5.040341192996104e-5,-9.120724112474198e-6,6.947188706481226e-5,0.008537194667821588,-0.003250112834807705
9.884959046625584,-0.0025273707461145687,0.009841571178968622,0.004091038763041434,0.0015976441691978394,-0.000620890881794555,-0.000277327057752594,-4.724893830983654e-6,-3.420670201106626e-6,-0.0016767387820653785,0.0023081558822438553,-9.524309793958924e-6,8.730028915775046e-6,-6.073507670672567e-5,-5.26960544081519e-5,-8.508081934546865e-6,7.255075922313716e-5,0.008404438821770048,-0.0035086860717941154
10.234114021054532,-0.002525706013552893,0.010224598372949313,0.004162113311369585,0.0015496500774650006,-0.0006893038456800904,-0.00026042935985986197,-5.162827789498553e-6,-3.842237032170537e-6,-0.0016181289816092524,0.002256636733401861,-9.234492721535225e-6,9.968237757461097e-6,-6.733101666085203e-5,-5.503451653319343e-5,-7.847240380308352e-6,7.578126198371048e-5,0.008245821045070023,-0.0037586277975435204
10.59560179277616,-0.0025236492385221267,0.010625519517042723,0.004233316062600195,0.0015008678642018298,-0.0007603042870025654,-0.00023752672680999162,-5.6497419967510715e-6,-4.3224608458102224e-6,-0.0015622510971185968,0.0022048846058962592,-8.799136766125235e-6,1.1209771203525312e-5,-7.455679449495963e-5,-5.741398705804934e-5,-7.1335301641405805e-6,7.91778184065193e-5,0.0080627294334918,-0.003996451443254038
10.969857978923836,-0.0025211160283396318,0.01104554688611963,0.004304904442039981,0.001451339365786172,-0.0008334190514193849,-0.0002083352116221663,-6.192690872040385e-6,-4.870503999745272e-6,-0.0015090566851305592,0.002153043616689289,-8.215778824970571e-6,1.2435484413367172e-5,-8.247751184338205e-5,-5.982830618686314e-5,-6.361350129923982e-6,8.275659615936438e-5,0.007857151249837024,-0.004218991065039182
11.357333583431052,-0.0025180031135640644,0.011486021973738183,0.004377167992972941,0.0014010889426939108,-0.0009081780051667796,-0.00017265837949467032,-6.8000189179441944e-6,-5.4971326539602694e-6,-0.001458490519683973,0.0021012492857726043,-7.484764503977794e-6,1.3626324027018582e-5,-9.116686353313268e-5,-6.226960796894573e-5,-5.524006137956183e-6,8.653576217859732e-5,0.007631581198987967,-0.004423521685660901
11.758495540521569,-0.0025141836897558,0.011948434981423714,0.004450431634477752,0.001350121282876738,-0.000984138814741734,-0.0001303819300786962,-7.481646353994628e-6,-6.215031322513985e-6,-0.0014104917595154356,0.0020496285072165803,-6.608963116878831e-6,1.4763892793006456e-5,-0.00010070856897917013,-6.472786357978714e-5,-4.613513360619792e-6,9.053578842771652e-5,0.0073889035922236135,-0.004607849574915724
12.173827277396613,-0.002509501459788578,0.012434448044569467,0.004525059741913369,0.0012984187837231066,-0.0010609099891543219,-8.146209852460781e-5,-8.24942861366376e-6,-7.03918606687853e-6,-0.0013649950773901062,0.001998299656511625,-5.593329604188727e-6,1.5830888316359347e-5,-0.00011119809024485914,-6.719029540963005e-5,-3.6203513852638353e-6,9.47798199299364e-5,0.007132259203446431,-0.0047703670446596
12.603829296797274,-0.002503762964528552,0.012945923061674015,0.004601461235329514,0.0012459383565686466,-0.0011381708244010437,-2.5908756497498108e-5,-9.117611552362132e-6,-7.987352832605717e-6,-0.001321931745934487,0.001947372827160194,-4.444356481897101e-6,1.6811376791487055e-5,-0.00012274470490253415,-6.964062151203235e-5,-2.5331582228901114e-6,9.929411903640393e-5,0.006864908339948814,-0.004910070424941456
13.049019780144022,-0.002496727641354707,0.013484955230049596,0.00468009590648367,0.0011926074492477046,-0.0012156874104004138,3.623557487663577e-5,-1.0103411533481253e-5,-9.08063175076657e-6,-0.0012812306773167378,0.0018969501916049508,-3.1694651197493257e-6,1.76908785854653e-5,-0.0001354740205378929,-7.20580755871085e-5,-1.3383448191966917e-6,0.00010410860348601156,0.006590100805670533,-0.0050265437329640485
13.509935211980265,-0.002488094841407186,0.014053913701635189,0.004761482274836929,0.0011383190154099932,-0.0012933244354425594,0.00010491953778354577,-1.1227759642890513e-5,-1.0344173749045451e-5,-0.0012428194169991074,0.0018471264847512276,-1.7763849779917808e-6,1.8456257689878226e-5,-0.00014953104225689246,-7.441612755202633e-5,-1.9605461780414488e-8,0.00010925750046401768,0.006310961356679908,-0.005119913575300219
13.987131026472387,-0.002477486740143992,0.014655491183214546,0.004846207341488259,0.001082925066191544,-0.0013710530605284517,0.00018010849368824946,-1.251626330151456e-5,-1.1808052883367703e-5,-0.0012066250945591628,0.0017979896127956379,-2.7256323679561136e-7,1.9095418556656788e-5,-0.00016508393687849306,-7.668080131151342e-5,1.4427091560289513e-6,0.00011478014490410851,0.006030396445231344,-0.005190782704700994
14.481182276745338,-0.0024644256503108548,0.015292764852310894,0.004934938713708016,0.0010262283083543038,-0.001448955568516907,0.00026181110943024067,-1.400045822733164e-5,-1.350834683003617e-5,-0.0011725753372340616,0.001749621396182995,1.3353622761944014e-6,1.959681977371127e-5,-0.0001823286803833677,-7.88084457224067e-5,3.0724015967655834e-6,0.00012072195813417172,0.005751025063673116,-0.0052401503221750825
14.992684327860456,-0.0024483036284488843,0.01596927169381514,0.005028439709889703,0.0009679711851995649,-0.0015272277863700653,0.00035010676790250036,-1.571945161679029e-5,-1.5488479474548256e-5,-0.0011405991543593588,0.0017020984638700602,3.0420043383994583e-6,1.9948813497208686e-5,-0.00020149483242904305,-8.074275608132409e-5,4.89848271559839e-6,0.0001271356532046448,0.005475133790393494,-0.005269326832434804
15.522253574270472,-0.002428341357477693,0.016689102353493888,0.005127588236484799,0.0009078213650036194,-0.0016061804295830586,0.00044517420067200256,-1.7722097457248493e-5,-1.7800894059855523e-5,-0.0011106278031715936,0.001655493327588706,4.843568154685378e-6,2.013881235500728e-5,-0.00022285275856547047,-8.241075772192652e-5,6.956559566489764e-6,0.00013408272658414872,0.0052046540074274375,-0.00527984962304297
16.070528182616385,-0.0024035319346118384,0.017457018952074202,0.005233400469492718,0.0008453523240618901,-0.0016862405441825127,0.0005473224207092677,-2.0069902984325544e-5,-2.0509143457142934e-5,-0.001082595648325957,0.0016098756808801365,6.738085600418388e-6,2.015227178229257e-5,-0.00024672272438968945,-8.371733638990156e-5,9.290679863231097e-6,0.0001416353132618577,0.004941157830096221,-0.005273404884361866
16.63816886076129,-0.0023725631502243306,0.01827860414627877,0.005347060692207302,0.000780017081236379,-0.0017679541494704726,0.0006570258121081679,-2.284095066261606e-5,-2.3690506106592807e-5,-0.001056441028511802,0.0015653139904942767,8.7255340210585e-6,1.9971455329775043e-5,-0.00027348642609938335,-8.453770963824429e-5,1.1955810100061781e-5,0.00014987850471555105,0.004685868541972666,-0.005251758825568878
17.225859653987865,-0.0023337087112931753,0.019160451254496183,0.005469959061266133,0.0007111122524006547,-0.0018519910326792418,0.0007749661782588495,-2.613524714718149e-5,-2.7439261633742543e-5,-0.001032107142822837,0.001521877480708838,1.0807824964010122e-5,1.9573922515621907e-5,-0.00030360171197076996,-8.470694362562962e-5,1.5021204394796634e-5,0.0001589132577698757,0.004439681142173771,-0.005216700100497087
17.834308769319094,-0.0022846739872494875,0.020110408750047402,0.005603739620033723,0.0006377282351818603,-0.001939152409096746,0.0009020857899935591,-3.0082102516173994e-5,-3.1870786853755294e-5,-0.0010095429652248063,0.0014796386595620728,1.2988631668864862e-5,1.89306410811044e-5,-0.0003376215064118641,-8.400517165330488e-5,1.8575042586259186e-5,0.000168860057799361,0.004203188815129478,-0.005169993971898429
18.464249428955434,-0.0022223741374574214,0.021137897217187805,0.005750361572717277,0.0005586792252186298,-0.002030381784154706,0.0010396572258352832,-3.4850436923533364e-5,-3.712665441468638e-5,-0.0009887041839138431,0.0014386766084059407,1.527299297059102e-5,1.8003573928248043e-5,-0.00037621829335368715,-8.213646679505191e-5,2.2730903560383504e-5,0.00017986354138473725,0.003976711543947727,-0.005113347763535738
19.116440753857027,-0.0021426100416142113,0.022254323402016815,0.005912177670650741,0.00047240343319943345,-0.0021267786946042675,0.0011893784020926832,-4.0663368918933224e-5,-4.3380916935428046e-5,-0.000969554136324419,0.0013990813662326004,1.766657648190319e-5,1.6742518694926796e-5,-0.00042021597037559486,-7.869819550402363e-5,2.763693382816612e-5,0.00019209832701652465,0.003760323538635944,-0.00504838645611995
19.791668678535572,-0.002039587030538274,0.02347362473015477,0.006092034465011407,0.000376818513815743,-0.0022296137511818854,0.001353505203719793,-4.781916203015517e-5,-5.0847702824251796e-5,-0.0009520646555347435,0.001360959910098067,2.017438859128964e-5,1.5080874149103112e-5,-0.00047063146033623316,-7.313584648915767e-5,3.348904064285166e-5,0.00020577633400779044,0.0035538764901957725,-0.00497663680118839
20.49074689815847,-0.00190518720681145,0.024812988832894792,0.006293399868661221,0.00026910844095458914,-0.0023403409013049155,0.0015350404447429236,-5.672176609197139e-5,-5.979005441399772e-5,-0.0009362166305251293,0.0013244444989803136,2.2798550881921373e-5,1.2929856461721311e-5,-0.0005287291328137663,-6.46752873726837e-5,4.055020112717025e-5,0.0002211558532933542,0.003357015751602575,-0.004899517932575755
21.2145178491063,-0.0017278476581057728,0.02629380545989849,0.006520523158928538,0.0001454034151423898,-0.0024605977155684115,0.0017380079796689462,-6.79260813382574e-5,-7.052942258185459e-5,-0.0009219998509660656,0.0012897045700994017,2.5534460562814963e-5,1.0170467865307297e-5,-0.0005960916865550306,-5.2219251978490586e-5,4.9179238800221945e-5,0.00023855248029668844,0.00316918623604609,-0.004818335955711794
21.963853724165457,-0.0014907947563863055,0.02794291876799369,0.006778629205281066,2.8949083858399724e-7,-0.002592173899381366,0.001967857057277844,-8.220620095271515e-5,-8.345398653511421e-5,-0.0009094112308591704,0.0012569640507014588,2.8364096432870957e-5,6.642203832977672e-6,-0.0006747111729846881,-3.418596829740433e-5,5.9874536691048675e-5,0.0002583515157782363,0.0029896239172133242,-0.004734279065992984
22.739657523579286,-0.0011692028039060568,0.029794243505070393,0.007074137181439687,-0.00017395841080348397,-0.002736905937440126,0.0022320682807757206,-0.00010066011103168092,-9.902106645092355e-5,-0.0008984495145962785,0.0012265270258335664,3.1244182969954245e-5,2.1270554034139493e-6,-0.0007671018763641976,-8.252189127815856e-6,7.334176675840677e-5,0.00028102007379332815,0.0028173270433598597,-0.0046484077758372
23.54286414322418,-0.000725515256748035,0.03189075134801056,0.00741486142518909,-0.00038860166025034087,-0.0028964081101909,0.002541074424485954,-0.000124873061972931,-0.00011774219986423584,-0.0008891024732119361,0.0011988163976977854,3.408489902508534e-5,-3.673134860805026e-6,-0.0008764289623973462,2.906508070832628e-5,9.060092155983421e-5,0.00030711367170361983,0.002650998183578832,-0.0045616305534710525
24.374441501222204,-0.00010156093144911838,0.03428661749916035,0.007810065857402861,-0.0006604345110203078,-0.0030714462331102865,0.002909673124263206,-0.00015717617907258022,-0.00014012391864921705,-0.0008813180772045182,0.0011744326963520186,3.671081925348831e-5,-1.1168184671933247e-5,-0.001006622899624337,8.310425488896518e-5,0.00011315854913335569,0.00033726349302329686,0.0024889437540919586,-0.004474645856738784
25.23539170434766,0.0007950116968177983,0.037048647362048194,0.00827002013737735,-0.0010150907753874025,-0.0032605297007406832,0.0033591926871444685,-0.00020105899272877443,-0.00016650080880413354,-0.0008749411873901529,0.0011542433696037498,3.878776629842235e-5,-2.0921116530555735e-5,-0.0011623821922903577,0.0001622382253064674,0.00014328860376329269,0.00037210929561386994,0.0023289124765961595,-0.004387811083023959
26.126752255633278,0.0021144145806521754,0.04025415785711654,0.00880413051701455,-0.0014925526936465378,-0.0034567777734471113,0.0039207301352823885,-0.00026182192561108525,-0.0001966108866338064,-0.0008695751403770755,0.001139514417063249,3.968321777657065e-5,-3.36946722113944e-5,-0.0013487821220121636,0.0002798946764748799,0.00018449083678171886,0.00041209023145463464,0.0021678537604998055,-0.004300853769939292
27.04959730463136,0.004105933382467965,0.04397700177732266,0.009415241454420688,-0.002156149290500292,-0.0036409508134843155,0.00463957030040366,-0.00034755820815951993,-0.00022855776229331213,-0.0008642784992714954,0.0011320852390740834,3.8197133991678044e-5,-5.0473843057229214e-5,-0.001569707811398842,0.0004579856398814296,0.00024221694333343975,0.00045687495456019707,0.0020016052522271264,-0.004212241778569331
28.00503894183631,0.007186231659785408,0.048238407655242635,0.01008400854105465,-0.003105977367345325,-0.00376606447178981,0.0055794276675199105,-0.00047038809462087957,-0.0002563333927728875,-0.0008569048323463922,0.001134520886983737,3.205031256432706e-5,-7.235497185488916e-5,-0.0018230153919798044,0.0007323685964434973,0.00032489205718598156,0.0005038965192312725,0.0018246668362087756,-0.004117828619603487
28.994228538828768,0.012032262328689487,0.052861425935341974,0.01072892258604276,-0.0044926362252987115,-0.0037248372894027656,0.006818875160269943,-0.0006469392862467478,-0.0002641536414607976,-0.0008427275080784578,0.0011499019208468836,1.6991513157363828e-5,-9.994530950055488e-5,-0.0020871599853655412,0.0011595935646784596,0.000444751839462671,0.0005447831554744585,0.0016307962752515547,-0.004008084929025269
30.01835813575589,0.01960918796350518,0.05709649656409925,0.011115613651369514,-0.00650234452193192,-0.003291034669143998,0.008410988509580974,-0.0008934389629732098,-0.00021510760601210765,-0.0008120212953304372,0.0011800056196494702,-1.429555670511369e-5,-0.0001312915896338711,-0.002288632964122858,0.001816053577343019,0.0006157693191380682,0.0005576598014161018,0.0014170047042343756,-0.0038633960281179948
31.078661877820124,0.030704641760047308,0.05890883329683408,0.010714066250394345,-0.009205168901359957,-0.0020694586153007294,0.010229886399487338,-0.0012012432602982006,-3.746781092987132e-5,-0.0007482117256838154,0.0012186986511442887,-7.130775592760424e-5,-0.00015664084170953504,-0.0022444920986941738,0.0027515918703928644,0.0008393147457553589,0.0004961412645839151,0.0011972378977793457,-0.003651086740683215
32.17641750250737,0.04402236937534026,0.054729908792920466,0.00874904872275078,-0.012087174774613288,0.00031442985564453506,0.011659506380173964,-0.0014774065178130714,0.00035349222267451165,-0.0006364815389347459,0.0012390530113508525,-0.00015544002417198108,-0.00015225240615302443,-0.0016574417292906114,0.0038227904802555783,0.0010642097560311136,0.000297743068891084,0.001027594867768841,-0.0033444973504467095
33.31294787934674,0.05393537116717047,0.04273442777125522,0.00510889018578929,-0.013704185838296835,0.003463537151896611,0.011650676377679968,-0.0015290626493006901,0.0009256241194235687,-0.0004955676126701587,0.001197096308235155,-0.0002389386180477206,-9.351520554541923e-5,-0.0004181509406595071,0.004527437584583368,0.0011647201015472152,-3.4677873742034995e-5,0.0009948898332900356,-0.002987316540622698
34.48962260405758,0.054915685892548353,0.02798542967457788,0.0013149907180634956,-0.01303140687958472,0.005974918196447751,0.009986526561064735,-0.001271084725861323,0.0014473155325846654,-0.0003854753133871007,0.0010859668116549742,-0.00027735296517359054,4.5569284904640616e-6,0.0009890853129050634,0.004431446567584891,0.0010654433068721502,-0.00036094559446973493,0.001105402396085991,-0.0027028362405273425
35.707859649004625,0.04891935608770195,0.017500189750714712,-0.0010765434003025143,-0.010936853759846656,0.007045744284765522,0.007787728660505328,-0.000866287728475644,0.001744025434549338,-0.00033838559999812174,0.0009545290809432501,-0.0002640861263906898,9.706313358292586e-5,0.0019762370313459988,0.0037634241350414984,0.0008546131331384113,-0.0005542913469174205,0.0012551932098907378,-0.0025509743921323007
36.96912707195026,0.04121591881689361,0.012739055830166737,-0.0020222675341468226,-0.008757407938879256,0.00708794673174167,0.006004288075751636,-0.0004891850605199267,0.0018538166317198896,-0.000335227849297166,0.0008422314191493565,-0.0002253220272015222,0.00016258090989470887,0.0024636397877623437,0.002989534691239038,0.0006477740595492206,-0.0006225504403329464,0.0013655995973365748,-0.0024883205646207213
38.27494478516313,0.034620845387554125,0.011797694785161971,-0.002138359915199754,-0.007052588879654454,0.006719448627759493,0.004823513725503298,-0.0001910863397980275,0.0018754093588186293,-0.00034958280893608216,0.0007557465641163545,-0.00018155406258823538,0.00020504379537107385,0.002640734132898305,0.002334660510337761,0.00048760935433762046,-0.0006237182149564504,0.001425573559359187,-0.0024603550358710015
39.626886387014785,0.029713147331262322,0.012837620867958617,-0.0018969633428038413,-0.0058534779442173815,0.006283083029815011,0.0041093448981996674,4.130114984029404e-5,0.0018713334747307707,-0.0003673547327770462,0.0006884842356870564,-0.00014023354728702104,0.00023356495690027724,0.0026718079171615667,0.001830869507468058,0.0003723866646857674,-0.0005987278046578416,0.0014495722959064802,-0.0024391821242659467
41.02658105827192,0.026285232972676112,0.014803044443587945,-0.0015389895889815722,-0.005048857075573757,0.005912750041328994,0.003701488005484862,0.00023268689315089817,0.0018690081703832313,-0.0003834553123280177,0.0006331872513577549,-0.00010224853428831277,0.0002546829840136535,0.0026466061816271392,0.001448703227393764,0.0002900351088829502,-0.0005672472038156403,0.0014522827685566095,-0.002415248503862345
42.47571552536898,0.02401018649197661,0.017173446493285803,-0.0011713766917236708,-0.004529744763521009,0.005649048536290013,0.0034843811154204552,0.00040352523447318285,0.0018779766430638098,-0.00039679929956966864,0.0005846740272042726,-6.634243069852422e-5,0.0002720616975019149,0.00260733138359568,0.001152568585830295,0.00022977508316610054,-0.0005372901845479303,0.0014436250176852667,-0.0023867856090616702
43.97603609302719,0.022620119918073996,0.019702028585759403,-0.0008396274255203259,-0.004216807278201446,0.005498810006203823,0.0033822138836843017,0.0005687741124885242,0.0019000404525991946,-0.0004078181658988265,0.000539555431803933,-3.078250824889702e-5,0.0002874715501893342,0.0025725568518434327,0.0009138426298834963,0.00018386452885033722,-0.0005116640627167214,0.0014296284559863989,-0.00235472655336567
45.5293507486695,0.021924651115368468,0.02226847444158324,-0.0005640011665601723,-0.004056319848748845,0.0054585671361971596,0.003343924309150725,0.0007394767829578911,0.0019335627384729046,-0.00041752335220444095,0.0004956140396387678,6.147804722293882e-6,0.0003014902567390188,0.0025498096294757303,0.0007112508374778061,0.0001469677576060112,-0.0004909923343527338,0.0014138316421542238,-0.0023208010491628578
47.13753134116724,0.02179178198255104,0.024806635770827284,-0.0003557892362254986,-0.004011507031673333,0.005522233970594078,0.003331674050296787,0.0009241255628274815,0.0019749817266085956,-0.0004272224086280197,0.00045139376143655174,4.6011745035279696e-5,0.0003138419523954097,0.0025412911218502727,0.0005288079191293629,0.00011533669082858422,-0.00047496682955683306,0.0013982141455904714,-0.0022869180122582723
48.80251583654431,0.02212417542136011,0.027270802083652103,-0.000224268057024204,-0.004055012948731595,0.005682267753304312,0.0033135696613988707,0.0011293058600029126,0.0020191881494034656,-0.0004384692515066117,0.00040602412958760226,9.012260189174023e-5,0.000323514686077843,0.0025462207045188552,0.00035396463496677064,8.623121659227552e-5,-0.000462809844653287,0.0013836863634421413,-0.00225499365760768
50.526310653356795,0.022837242998374495,0.02962249762550945,-0.00017906902036119875,-0.0041629441296949605,0.005927867997668193,0.0032597496862748687,0.001359635615305375,0.0020595918757284576,-0.0004530590430654826,0.0003592306149952725,0.0001393650340574791,0.00032878921610683584,0.0025615876213777524,0.0001764769218214386,5.759665301707745e-5,-0.00045339816701419163,0.0013702860224047192,-0.0022268825759934755
52.31099308056261,0.023839971202144115,0.03183125334148212,-0.00022966036001549777,-0.004310219869590424,0.006241728052693939,0.0031415491173591953,0.001617125529056273,0.002088430057910307,-0.000472951467333896,0.000311477705800958,0.0001938906049942986,0.0003273106741893753,0.0025822243689783727,-1.194105474092581e-5,2.7959535797617196e-5,-0.0004452641737960986,0.001357212340250852,-0.0022042553920682594
54.158713780794734,0.02502090151734697,0.033888154398517105,-0.0003824082730195335,-0.004467534853154252,0.0065967127952630865,0.002934060109746859,0.0019002752890594215,0.002097821726084083,-0.0005000262596329898,0.00026415940886138315,0.00025272333436359286,0.0003163524599611893,0.0026008242958835536,-0.0002172161687976165,-3.498703838013146e-6,-0.00043661121818523675,0.0013428312198501277,-0.0021883436656385718
56.07169938205458,0.026245477051985704,0.03583095395354369,-0.0006357771821672699,-0.00460107300576497,0.006954653177143827,0.0026221601966426216,0.002203605559059362,0.0020819242830955854,-0.0005356204318575659,0.0002196808497551279,0.00031343897583257434,0.0002934021244434751,0.0026084879830469416,-0.00044198911527576365,-3.676236430373906e-5,-0.00042546151179121235,0.001324812739131556,-0.0021795525861425954
58.05225516094899,0.02737295536803327,0.0377740007850468,-0.0009754733904487234,-0.004676333003565898,0.0072700742042971144,0.0022083751013429105,0.002518706931611565,0.0020399723238056725,-0.0005799305533170681,0.00018121939862397756,0.0003722191815852198,0.0002570514063048143,0.002596249457465984,-0.0006847749176860566,-7.084280265945219e-5,-0.00041001176950503733,0.001300552707156408,-0.002177074871732202
60.10276782070382,0.028295646112025223,0.03992830357262553,-0.0013728561791259012,-0.004665958246938348,0.007500312929648831,0.001718285486898022,0.0028376914565868797,0.001978967731330806,-0.0006315680702929003,0.00015203720219037376,0.0004245657892770804,0.00020787235129755895,0.002557472610782934,-0.0009401957911238201,-0.00010388213329786787,-0.00038914144515513185,0.0012678898390351015,-0.0021787768396648714
62.22570836730231,0.028989004852106325,0.042596559022874285,-0.001789628569219888,-0.004558344092533329,0.0076192651977873595,0.0011982526750201525,0.0031586859395426664,0.0019141191941084881,-0.0006876500691824018,0.00013451423213940627,0.00046661965339488544,0.0001487124404994781,0.002490091325688949,-0.0012010432869611007,-0.00013361756120851693,-0.0003628353008727185,0.0012258592263332617,-0.00218160345732944
64.42363508721374,0.0295495724708488,0.04614376734003552,-0.002188235577038316,-0.004361692820139313,0.007627761497480995,0.0007040006797288728,0.0034914111663755564,0.0018659730537630985,-0.0007445674084676774,0.0001293977481711805,0.0004965079045802305,8.401298835241957e-5,0.0023971985763631383,-0.0014618215967490528,-0.00015807071574324257,-0.00033222631372504385,0.0011750428968382185,-0.0021824480010536854
66.69919663030122,0.030206396255868143,0.05096780961985255,-0.0025429543284097296,-0.004100364814102517,0.007554571899791668,0.0002853019121802127,0.003860829077073492,0.0018553678377662645,-0.0007990922747387493,0.00013573983719783933,0.0005149786588058021,1.8383311092008372e-5,0.002285271732960064,-0.0017222848961666005,-0.0001761055731400169,-0.00029917815840912,0.0011172594567058459,-0.002179058871583145
69.05513520162327,0.03132013434104763,0.057503604029621604,-0.0028461573403252703,-0.003805674939700785,0.007448858057992162,-2.503016147705416e-5,0.0043091204461124365,0.0018987031826505987,-0.0008492395817146929,0.00015154606544949713,0.0005250713231010834,-4.483425414831957e-5,0.0021607797811804387,-0.0019896359398460487,-0.00018756651193233993,-0.0002656477628464361,0.0010547761308022214,-0.002170511512265816
71.49428986597577,0.033412224085240604,0.06628254393492189,-0.0031084712740928207,-0.003506389133349498,0.00737111382154463,-0.00021372275700869955,0.004899260361130721,0.002004801659938564,-0.0008945464915114377,0.0001747343675630082,0.0005312519387117677,-0.00010443825344691836,0.0020264432799669612,-0.0022795168325300754,-0.00019300457097497415,-0.00023317500378544273,0.0009894817527040752,-0.002157117326342378
74.01959996915645,0.037288978098032555,0.07805583162744704,-0.0033561591913881493,-0.0032224181201849006,0.007390326528159062,-0.0002836944416640568,0.005725693045983966,0.0021714182529912036,-0.0009358742319974735,0.0002040122731648248,0.0005386746797999116,-0.00016174217187838035,0.0018772784645319637,-0.0026173867773209023,-0.0001932107060950612,-0.00020267854844663498,0.0009223094400049749,-0.0021399939632566847
76.63410868007459,0.0443829526925207,0.09399286480206902,-0.003630766698892105,-0.0029609251039653182,0.007593022532226184,-0.0002514826356783061,0.00694071730242595,0.0023742671600947176,-0.0009750385786629458,0.00023964410243870003,0.0005529716452392701,-0.00022110367664960603,0.0016940239275552735,-0.0030426132109906416,-0.00018874043470720056,-0.00017452912406732676,0.000852854044635522,-0.002120576942768947
79.34096665797492,0.05764682534639648,0.11595343379977692,-0.003996271807956416,-0.0027090623583856453,0.008111575411132818,-0.0001568465489086481,0.00881406710502305,0.002526922624767341,-0.0010144207486568477,0.0002845805028270849,0.0005805220570115707,-0.00029188872431650117,0.0014261381179846717,-0.0036179539685709133,-0.00017942599258377305,-0.00014883357460917187,0.0007788137147353317,-0.0021001220942194134
82.14343584919426,0.08408764249498954,0.14654326486015726,-0.004560319706097346,-0.0024054543500615245,0.009189670865668423,-0.0001193122132973289,0.011862141317433862,0.0023294986400559,-0.0010559771715948935,0.00034728759842038887,0.0006279879562810593,-0.00039496148662724765,0.0009387528628472943,-0.004444576334895709,-0.00016363149790481055,-0.0001261293369513131,0.0006944848895594192,-0.0020786180430268438
85.04489341802677,0.14252827917610175,0.18599700570321215,-0.005504735389062387,-0.0018185018971972027,0.011300343616665992,-0.0006013233637769408,0.017044334761898372,0.0006381762032478563,-0.001095077440966153,0.00044966741494615616,0.0006920058901130474,-0.0005827588033803987,-0.00017052843783516293,-0.005639777963897001,-0.00013688195397738783,-0.00010998166363849855,0.0005869428172840681,-0.0020497370131007655
88.04883581643465,0.2802795353041379,0.20127302059248917,-0.0068538968090088685,-6.45871289577788e-5,0.014810587642477686,-0.003573848912503784,0.024700749629685933,-0.007099270672959971,-0.0010792621828148853,0.0006368321552484309,0.0006710100363607537,-0.0009767067867598599,-0.00310539243142949,-0.0067717246794807735,-9.408138458086369e-5,-0.00011873593902557187,0.0004366860395128745,-0.0019739629555776844
91.15888299750823,0.45588278714209624,0.009568183068541031,-0.005984375304444145,0.003989800148878333,0.014269075075259369,-0.012550324286466302,0.021556537491451696,-0.027469156249672153,-0.0008084967808597259,0.000804253508077538,7.803902491974815e-5,-0.0014185475088912783,-0.008031489418244572,-0.0036937255955976963,-8.514692427434238e-5,-0.00019129545954086932,0.00033975988096902096,-0.001745065235812713
94.37878277775381,0.3088748199218672,-0.22884781382565592,-0.001640654073288701,0.0044598036917482585,0.004662574749290488,-0.014853669907711904,-0.000554979827797193,-0.030371134149428,-0.0005812575915945071,0.0005810455047472369,-0.0005595923334835354,-0.0009685606786284021,-0.006318327695828585,0.002235580167042042,-0.00017091684730061039,-0.00020858711919743443,0.00047590501784353415,-0.0016054598547659135
97.71241535346496,0.1479264679704586,-0.2257318246641311,-0.00015482668311593345,0.0025699376417309457,0.0005834084687277636,-0.010853112518794752,-0.008548629321773108,-0.020342420215361628,-0.000638822762242007,0.0004165695404839999,-0.0005359179841488207,-0.0005403487429395971,-0.0029148427866391652,0.0030744959679830475,-0.00020892806709894737,-0.0001600687406566958,0.000530519848957134,-0.0016309410904512029
101.1637979766207,0.07923330952681319,-0.1824016264436691,2.724588477545282e-6,0.0014418654752156152,-0.00022690100046666374,-0.00809015829515563,-0.009464246608766037,-0.013946814090840809,-0.0007135577975437455,0.000372937668480429,-0.00042617855580831293,-0.00037230737670130096,-0.0012522274821495235,0.002518626266113742,-0.0002139055459535372,-0.00012102695793481806,0.000508372715065769,-0.001646841263020049
104.73708979594497,0.048609780078524845,-0.14813834945385518,-7.399911663278113e-5,0.0008519500438895296,-0.0003012487775364936,-0.0064708903093775505,-0.009026957225838584,-0.010324661582000547,-0.0007645848960512578,0.0003719934029521137,-0.00035134000767617155,-0.0003046774646832159,-0.00045704195561690434,0.001933160553228475,-0.00021040311182233713,-9.274533338384698e-5,0.00046412539027525354,-0.00164009908456985
108.43659686896098,0.032975312736666096,-0.12362515130099158,-0.00016977051503750282,0.0005236830948260065,-0.0002282398772748547,-0.0054551859424065005,-0.00842962112900696,-0.008097679784719663,-0.0007980416278086929,0.0003868344276739719,-0.0003081075176954372,-0.00027444654968844496,-4.234536713758527e-5,0.0014652655606100912,-0.00020441083280789069,-7.040346924986937e-5,0.00041359870618935736,-0.001618218755051892
112.26677735108136,0.024043685230996793,-0.10577147276582523,-0.0002485379754597049,0.00032897260910032705,-0.00014013973638054815,-0.004767603554872819,-0.0078956531925326,-0.006606929004003345,-0.0008198107405696116,0.00040895236655521383,-0.00028678596655573043,-0.0002595326174699124,0.00018342748155096737,0.001096954269101982,-0.0001971734663286793,-5.142049679794752e-5,0.0003615942564198392,-0.001585514893909559
116.2322468679853,0.01849067995064534,-0.09233057520012806,-0.0003082218519673832,0.00020831738160861267,-6.736269912998895e-5,-0.004273223613127275,-0.007453457578282183,-0.0055407092112650545,-0.0008331559035773181,0.00043533069137835105,-0.00028133965766162484,-0.0002507297313097403,0.00030005376307807083,0.0008007865204557883,-0.00018876601120326194,-3.4606615614604134e-5,0.00031031196358839426,-0.001543745827543979
120.33778407775893,0.014813455842494695,-0.08189240937536896,-0.000352654773612336,0.00013204966157368176,-1.5940252077659463e-5,-0.003901347487506065,-0.007093605569348517,-0.0047418008160472515,-0.000839677391503637,0.00046477185116637366,-0.00028851304115295675,-0.00024295647232108048,0.00034254859365237197,0.0005585409476313397,-0.00017893292762350302,-1.9530891118292744e-5,0.0002616412265414561,-0.0014933494828044034
124.58833642950081,0.012261075000375241,-0.07357499985711105,-0.0003858199596462511,8.444637739149318e-5,1.3341510993126891e-5,-0.003611725329573583,-0.006804805253824512,-0.004126410331645364,-0.0008399632184729452,0.0004967255529773249,-0.00030654297494664363,-0.00023208535176975697,0.00032576612799494544,0.00036222879239506534,-0.00016732818817837965,-6.2661798693086876e-6,0.00021809023512940693,-0.0014341941229910364
128.9890261253308,0.010424294197073476,-0.06681681097297952,-0.00041074722080962784,5.6929856947409e-5,1.95510330842342e-5,-0.0033788263755023763,-0.006584537566281129,-0.003647783277254354,-0.0008338799134932282,0.0005308448085150828,-0.00033402523907397725,-0.00021329448821646107,0.0002549566910411767,0.00021495545277711172,-0.0001536142412958029,4.6621216081990776e-6,0.00018357066295536067,-0.0013662636229837691
133.54515629298987,0.009055165424023816,-0.0612583520632529,-0.000429310235947733,4.50805606288992e-5,-1.7071800371336495e-7,-0.0031827397572456928,-0.006446735520257151,-0.00327518210744639,-0.0008205526218218555,0.0005667434803721979,-0.00036815596119803973,-0.00017955280501835016,0.0001337648291089791,0.00013577718705614007,-0.0001375540656617768,1.2124402807869118e-5,0.00016458368150045887,-0.0012910346314592076
138.26221737646563,0.007960611809001617,-0.05667227830782446,-0.00044153482580355964,4.7500719919345704e-5,-4.958788556495872e-5,-0.00299978154797603,-0.006432602592940362,-0.0029652655421888324,-0.0007978275054120424,0.0006034274664011044,-0.0003995272534587542,-0.00012030166281451443,-1.5365709191520738e-5,0.00017060270612871692,-0.00011945854537753693,1.3769872514913189e-5,0.00017165996567931711,-0.001216199562379794
143.14589375234786,0.006898555450267752,-0.05285545272401235,-0.00044223540949901523,6.382302936853153e-5,-0.00011562399421786266,-0.0027904136331221817,-0.006583892832395235,-0.002582590147216936,-0.0007619104307889635,0.0006361217726766702,-0.0003973636045780798,-3.125640222909896e-5,-7.736240890669564e-5,0.0003720310484078254,-0.00010314663828063977,5.42308154967137e-6,0.00021103724893379065,-0.0011702608472214818
148.20207057988586,0.00572175970573804,-0.049350692696461064,-0.0004220456793442763,8.156951897276502e-5,-0.00012268045437190863,-0.0025473542400405846,-0.006683911772640796,-0.0019259456287313292,-0.0007175404763489074,0.0006521088266183873,-0.0003297312462916755,3.134376703128064e-5,0.00014686738469495464,0.0005523503124053711,-0.00010059655601279883,-9.603472256975924e-6,0.00023187512062709058,-0.0011871918174301433
153.43684089300118,0.00486442357977553,-0.04593171176777072,-0.0003966056995639197,8.368819540277537e-5,-6.705396472267755e-5,-0.002375864382038966,-0.006448138771647865,-0.0013041909485738087,-0.0006832895572544565,0.0006561952097528586,-0.00027804638196939394,2.255643795348539e-5,0.0003812633667459109,0.00042338163806451986,-0.00010823478404119012,-1.3714394131513075e-5,0.00018611703883578555,-0.0011930729686649207
158.85651294280527,0.004357141289259448,-0.04295111410149351,-0.00037879286766227425,8.279982314791256e-5,-4.255064664471305e-5,-0.0022640206676281614,-0.0061779483721039734,-0.0009245287842989988,-0.0006543003345760947,0.0006627749141460663,-0.0002713360482919514,1.744041607275075e-5,0.00040666698469616686,0.00025764057139281415,-0.00011183515585375575,-1.082882637908953e-5,0.0001428934271029182,-0.0011552252515453466
164.46761779946644,0.003946072051028137,-0.04039278790640844,-0.00036275548671703525,8.4647938283536e-5,-4.5131235453989075e-5,-0.002158608425509057,-0.005991699846695888,-0.0006232024320283388,-0.0006239305099216819,0.0006694458813614126,-0.00026918149018251416,3.207789396095315e-5,0.00036889968793629116,0.00017983445474826546,-0.00011299253665649605,-7.749264214061623e-6,0.00012039231895628362,-0.0011108631593825902
170.27691722258996,0.0035588517992068526,-0.038128828508557484,-0.00034608729453446016,8.747736438068478e-5,-5.411999346286841e-5,-0.0020513017438846767,-0.005845352049388893,-0.0003258480672630966,-0.0005926518533193229,0.0006737139346654683,-0.0002592483563038266,5.286511841741008e-5,0.0003414058489698217,0.0001540836323028273,-0.00011394482494592203,-4.567154606533383e-6,0.00010671921381950502,-0.0010727559511462148
176.2914118095948,0.003191590025017353,-0.036080396772920624,-0.0003290534551786195,9.00325089673042e-5,-6.131238053850445e-5,-0.0019455129864933956,-0.00570218280094588,-2.438247283681398e-5,-0.0005615529416219768,0.0006753891767961361,-0.0002428643700600228,7.176656630303352e-5,0.0003348620985777248,0.0001461477168940345,-0.0001148508773998892,-6.358711117126123e-7,9.426122403321182e-5,-0.001040379343040413
182.51834943190426,0.0028500874918779583,-0.03420316094858209,-0.00031225410266101536,9.199751665779996e-5,-6.491350392045213e-5,-0.0018444792299833462,-0.005545580558637376,0.000273167653660121,-0.0005311123606481695,0.0006748945110741354,-0.00022334154842122987,8.613533085261249e-5,0.00034348993595727646,0.00013914419189233265,-0.00011530603215159295,4.157171643791649e-6,8.034258290634655e-5,-0.0010109686521365905
188.96523396912096,0.002538319563155967,-0.03247000446007433,-0.00029606316150451777,9.345522990753098e-5,-6.535989131550328e-5,-0.0017498398579625044,-0.005370660674207074,0.0005576714696315936,-0.000501429991556724,0.0006726087439246461,-0.00020322752769057008,9.585662653622326e-5,0.0003596711664247292,0.00012677435765279309,-0.00011497989733076491,9.572902668832057e-6,6.471608613564458e-5,-0.0009823191995878518
195.63983435170647,0.0022573912639795458,-0.030862430630352548,-0.000280623377934796,9.457217845210246e-5,-6.361496616476224e-5,-0.0016620403080045275,-0.005178226843819258,0.0008223899863495478,-0.00047248544030112366,0.0006687537305990867,-0.00018401797980056455,0.00010173124303167797,0.00037756415623766993,0.00010795290593280954,-0.00011373823483442651,1.526796223950649e-5,4.804999844103884e-5,-0.000953170649152008
202.55019392306664,0.0020063846681419115,-0.02936650948409296,-0.0002659409015605554,9.548030739899499e-5,-6.056543232240957e-5,-0.001580856785731159,-0.004971460590462337,0.0010632383704373522,-0.0004442652760354017,0.0006634399250555551,-0.00016641927246729765,0.00010472934214849841,0.0003935050115730018,8.378520792727997e-5,-0.00011160246664931119,2.0928231574436727e-5,3.119862348750456e-5,-0.0009230063298015285
209.70464013232328,0.00178327291666672,-0.027970963696551387,-0.0002519630631349527,9.625354824042581e-5,-5.686576236747331e-5,-0.0015057630045492885,-0.0047542607881548,0.0012782369901016548,-0.0004168001093742233,0.0006567298474293954,-0.0001506529263836409,0.00010570202588108662,0.000405553497123656,5.6044940576355904e-5,-0.0001086834474277972,2.631613252283537e-5,1.4904766577562199e-5,-0.0008917781941806928
217.1117945694503,0.00158555683144242,-0.02666624991672619,-0.0002386233981210793,9.691863610996738e-5,-5.294630170747147e-5,-0.0014361408813273102,-0.004530474939257079,0.0014668933434555905,-0.0003901597868426414,0.0006486815984974929,-0.0001366806680879935,0.00010530642415670792,0.000412935901599896,2.6486077881450956e-5,-0.00010512985980263666,3.1274135242744974e-5,-2.873717733426855e-7,-0.0008596908998610188
224.78058335487253,0.001410639380846972,-0.02544409378815379,-0.00022586240497408483,9.74728875459557e-5,-4.906637810200944e-5,-0.0013713858594990092,-0.004303578559484193,0.0016297089342435973,-0.0003644355101805858,0.0006393702748187535,-0.0001243449395061595,0.00010401661051215651,0.000415596737351397,-3.4197674784988006e-6,-0.00010109632114858667,3.571155122405882e-5,-1.402940840856945e-5,-0.0008270603130339152
232.72024789604097,0.0012560211614474253,-0.024297228584328305,-0.00021363437119536005,9.789927402059551e-5,-4.536836863246823e-5,-0.0013109513990383335,-0.0040765662155410574,0.0017678260437809063,-0.00033972203686598686,0.0006288941039133035,-0.0001134478596146699,0.00010216061940834579,0.0004138861243966758,-3.254657170883913e-5,-9.672648334982926e-5,3.9587833651614726e-5,-2.613486551532346e-5,-0.0007942298153807246
240.94035602395243,0.0011193894886751465,-0.023219226441610383,-0.00020190742184179568,9.817671110129685e-5,-4.192005598117538e-5,-0.0012543618702444204,-0.0038519373661435007,0.0018827832245444718,-0.00031610446753532897,0.0006173720991175924,-0.0001037915849936117,9.995905447144448e-5,0.0004083568451832345,-6.009278993917967e-5,-9.214557583999427e-5,4.2897591543481644e-5,-3.6539737677411306e-5,-0.0007615248760405853
249.45081352303166,0.0009986495501322845,-0.022204374693067654,-0.00019066087026829663,9.82861318641192e-5,-3.8744308290383206e-5,-0.0012012106658833596,-0.0036317226521393646,0.0019763462592628923,-0.0002936502093472793,0.0006049379682248488,-9.51964744770447e-5,9.755713477216316e-5,0.0003996385121533968,-8.553064736918884e-5,-8.745829572636157e-5,4.565874221880006e-5,-4.526715772893634e-5,-0.0007292310254907662
258.2618760682675,0.0008919262725961915,-0.021247577406515335,-0.0001798819305283382,9.8213518127899e-5,-3.583858620524269e-5,-0.0011511524156776224,-0.0034175264253455753,0.002050389936195761,-0.0002724052579341743,0.0005917330895700361,-8.75073279045987e-5,9.504880782190647e-5,0.00038836271813069196,-0.00010855012386238954,-8.274946899057568e-5,4.790372092640141e-5,-5.239879594489156e-5,-0.0006975854552855397
267.3841615839947,0.0007975526295778942,-0.02034427363233542,-0.00016956270887095784,9.7950962988382e-5,-3.318718866711873e-5,-0.0011038936633466052,-0.0032105749173770705,0.0021068144834139224,-0.00025239360372118877,0.0005779000322890123,-8.059367328755217e-5,9.249394587836794e-5,0.0003751209005922986,-0.00012900743487460255,-7.808599159039472e-5,4.9673202104845e-5,-5.805289814466001e-5,-0.0006667762249581419
276.8286630392067,0.0007140525427631804,-0.01949036834975502,-0.00015969780181873813,9.749656865642681e-5,-3.0768629524747585e-5,-0.0010591839582841643,-0.003011765273652676,0.002147486481820302,-0.00023361866444477958,0.0005635772715687958,-7.434740293917726e-5,8.993020013927489e-5,0.0003604428456928472,-0.0001468812521541574,-7.351923401921449e-5,5.1011737684460775e-5,-6.236798776947481e-5,-0.0006369454873863714
286.606761694825,0.0006401223784397557,-0.01868217379519933,-0.00015028254693642766,9.685372742710289e-5,-2.855987898858551e-5,-0.0010168081003119067,-0.002821713093422753,0.0021741977587968857,-0.00021606587356288575,0.0005488952768974268,-6.867949554659503e-5,8.738097536259445e-5,0.00034478801926910054,-0.0001622370938929429,-6.908748495388744e-5,5.1964805175114346e-5,-6.549110997837676e-5,-0.0006081946274605544
296.73024081888695,0.0005746128756357571,-0.01791635950602646,-0.00014131185249550561,9.603013636394172e-5,-2.6538650321325964e-5,-0.000976579699677754,-0.0026407971500168755,0.0021886378951141675,-0.00019970579184062126,0.000533973901285931,-6.35166828841028e-5,8.486068936497385e-5,0.00032854469143036577,-0.00017519920144948469,-6.481822858533953e-5,5.2576871045514355e-5,-6.756960339688391e-5,-0.0005805900943762325
307.2112998861756,0.0005165122656683559,-0.017189909708418917,-0.00013277949265712955,9.503675740193555e-5,-2.4684505299342766e-5,-0.0009383359645370083,-0.0024692004817201533,0.0021923771951592647,-0.00018449731339292754,0.0005189208834631384,-5.8798442810634496e-5,8.237818000947189e-5,0.0003120336056583191,-0.00018592885432373648,-6.073016908442637e-5,5.289017530513698e-5,-6.874555697559529e-5,-0.0005541692346322577
318.0625692794119,0.000464930833349738,-0.016500086870139773,-0.00012467775285184297,9.388684162355297e-5,-2.297927168194978e-5,-0.000901933538674389,-0.0023069473765225247,0.0021868576962111247,-0.00017039069728708208,0.0005038312366746371,-5.447445075774016e-5,7.993887305123227e-5,0.00029551409345476045,-0.0001946080265418959,-5.6834978365089835e-5,5.294402246805137e-5,-6.91522774195004e-5,-0.0005289457481659921
329.29712550971516,0.000419086944118546,-0.015844400404851102,-0.00011699732394774217,9.25950765942454e-5,-2.1407079810187173e-5,-0.0008672451974519645,-0.0021539360332796242,0.0021733902696560066,-0.00015733027366916335,0.0004887873019199819,-5.050249863223215e-5,7.754613546724555e-5,0.0002791912868081449,-0.00020142736681733506,-5.3138775064704324e-5,5.277442352864393e-5,-6.891223708566721e-5,-0.0005049145803526083
340.9285069746811,0.00037829447019463116,-0.015220579670679892,-0.00010972736277316382,9.117687856601114e-5,-1.9954204876241185e-5,-0.0008341572267874888,-0.002009966893871079,0.0021531562220340945,-0.0001452567558897509,0.00047385926882850446,-4.6846835047471564e-5,7.520210244156405e-5,0.00026322357863730304,-0.00020657760976422105,-4.964335755511937e-5,5.241397716564231e-5,-6.813609070923298e-5,-0.00048205617763350493
352.970730273065,0.00034195151795891535,-0.014626550549754582,-0.00010285565548563203,8.964782953779381e-5,-1.8608824786688097e-5,-0.0008025673374313459,-0.0018747668076020089,0.0021272120954889755,-0.0001341091447671336,0.0004591060010994582,-4.347686155524711e-5,7.290817032736892e-5,0.0002477298146650323,-0.00021024366052395103,-4.634721961214664e-5,5.1891910061225375e-5,-6.692244464843745e-5,-0.0004603401032254902
365.4383070957258,0.0003095303525789712,-0.014060415023160197,-9.636883696332286e-5,8.802324730667764e-5,-1.736075574935483e-5,-0.0007723829952775643,-0.001748009309599969,0.002096496619382409,-0.00012382624490331866,0.00044457603816804714,-4.036611808250741e-5,7.066528194015471e-5,0.00023279592366852952,-0.00021260072489325552,-4.32463783899853e-5,5.1234219182183e-5,-6.535813834650879e-5,-0.0004397280488756244
378.3462617131929,0.0002805684185516868,-0.01352043326475949,-9.025263312132823e-5,8.631787111627568e-5,-1.620119850569803e-5,-0.0007435200739252792,-0.0016293313718862335,0.0020618389853306733,-0.00011434783175172238,0.00043030867660553404,-3.7491497307172355e-5,6.847408587248428e-5,0.00021848084161503155,-0.0002138119746693009,-4.033504292702459e-5,5.046387552489328e-5,-6.351885787979477e-5,-0.0004201762995281562
391.71014908092604,0.00025466035989191583,-0.013005007867536233,-8.449210382522807e-5,8.454564385019101e-5,-1.5122510732478033e-5,-0.0007159017569466938,-0.0015183470251082345,0.0020239678085305812,-0.00010561551662868516,0.0004163350619623909,-3.4832637077879743e-5,6.633502172027397e-5,0.00020482168187727225,-0.00021402734080266911,-3.760614884763685e-5,4.960106091967832e-5,-6.146994872321252e-5,-0.00040163771679253287
405.54607358408276,0.00023145094898303486,-0.012512669889088376,-7.90718722136641e-5,8.27195722969517e-5,-1.4118011130610315e-5,-0.0006894576343113689,-0.0014146582583877086,0.0019835202995361584,-9.757335864954025e-5,0.00040267924384290623,-3.237144960905282e-5,6.424836351036861e-5,0.00019183816434906786,-0.00021338311452478922,-3.505178193279896e-5,4.866341827302898e-5,-5.9267331631944915e-5,-0.0003840633086673043
419.870708444391,0.00021062883815759552,-0.012042066461006534,-7.397633218817128e-5,8.085164876863048e-5,-1.3181815259974082e-5,-0.0006641229506674239,-0.0013178635924245437,0.001941051303755905,-9.016827027815104e-5,0.0003893591641982614,-3.0091754889256726e-5,6.221424092095155e-5,0.00017953635199031615,-0.00021200210950803825,-3.266351019665116e-5,4.766630199375611e-5,-5.695845381800934e-5,-0.0003674034500421489
434.7013158125026,0.00019192105298709996,-0.011591949752707885,-6.918983002813469e-5,7.895281962057134e-5,-1.2308700455061803e-5,-0.0006398379733386794,-0.0012275646942047128,0.001897041972971246,-8.33502586515594e-5,0.0003763875617359983,-2.7978993101538527e-5,6.023264979691586e-5,0.00016791176209051407,-0.0002099941975941572,-3.043264122908726e-5,4.662301994639466e-5,-5.4583229066995484e-5,-0.0003516088130564216
450.05576757004974,0.00017508815120677513,-0.011161167116306577,-6.469681894415986e-5,7.703298859083387e-5,-1.1493996028993102e-5,-0.0006165474555971279,-0.0011433713664267978,0.001851907917008536,-7.707253932074014e-5,0.00036377278468873055,-2.601999682298893e-5,5.83034584097219e-5,0.00015695192706282541,-0.00020745707829009942,-2.8350418944632127e-5,4.554506157068166e-5,-5.2174936493305035e-5,-0.0003366310597588563
465.9525668664682,0.00015991997629012455,-0.010748652267423378,-6.048198723472967e-5,7.510104512676391e-5,-1.0733494737828657e-5,-0.0005942001765651469,-0.0010649052057142483,0.001806006747618246,-7.129155332898027e-5,0.00035151951068449936,-2.4202808475581007e-5,5.64264128315513e-5,0.0001466384799340025,-0.00020447717979070744,-2.6408171554115876e-5,4.4442309142926785e-5,-4.976105943386219e-5,-0.00032242334254617866
482.41087041653685,0.0001462319399312956,-0.0103534173792306,-5.6530361833697135e-5,7.31649098770814e-5,-1.0023381705568141e-5,-0.0005727485434450484,-0.0009918021841323695,0.001759644973981313,-6.596691310560504e-5,0.00033962937676684026,-2.251653213456718e-5,5.460114297541464e-5,0.00013694883573284227,-0.00020113061841823022,-2.459742055298812e-5,4.33232307870284e-5,-4.736405448592968e-5,-0.0003089406510901949
499.450511585514,0.0001338617730343772,-0.009974545984891163,-5.282738964444861e-5,7.12315912560076e-5,-9.36017744984792e-6,-0.0005521482450235994,-0.0009237143706815948,0.0017130842432469713,-6.106129773915911e-5,0.0003281015252781749,-2.0951211565934978e-5,5.282716982662048e-5,0.00012785753366145885,-0.00019748416561372637,-2.2909958784675504e-5,4.2195054957919805e-5,-4.500204667981826e-5,-0.0002961400382001789
517.092024289676,0.00012266669015517726,-0.009611186597968778,-4.9358999313297094e-5,6.930724842802859e-5,-8.740692155182513e-6,-0.0005323579478331176,-0.0008603109746193234,0.001666546942948471,-5.6540313920068526e-5,0.0003169330727958717,-1.949772844445316e-5,5.1103913850665234e-5,0.00011933729756794205,-0.0001935961883400952,-2.1337904165489555e-5,4.106392685854168e-5,-4.268945086264216e-5,-0.0002839807514642251
535.3566677410724,0.00011252091759121598,-0.009262546972177018,-4.611164612020945e-5,6.739725723764798e-5,-8.161988837217824e-6,-0.000513339028178642,-0.0008012788613507312,0.0016202211974787185,-5.237233522666365e-5,0.0003061195099500259,-1.8147716254809282e-5,4.9430704311698474e-5,0.00011135986466646462,-0.00018951754112864447,-1.987373442116083e-5,3.99350477175478e-5,-4.043752204464201e-5,-0.00027242429262329756
554.2664520663108,0.00010331354037685946,-0.008927888931616041,-4.307234254636078e-5,6.5506276548729e-5,-7.6213534902893245e-6,-0.0004950553346201157,-0.000746322664451041,0.001574265300058716,-4.852832943551146e-5,0.00029565504002577943,-1.689348652719158e-5,4.780678915029196e-5,0.00010389662518303449,-0.00018529239699355862,-1.8510307154979044e-5,3.881279812670056e-5,-3.825483910607183e-5,-0.0002614344224457037
573.8441648302393,9.494662823781291e-5,-0.008606523710869972,-4.022867687650307e-5,6.3638313197185e-5,-7.116270697024519e-6,-0.00047747297654640364,-0.0006951645940650547,0.0015288116264284203,-4.49816811048257e-5,0.0002855328639616402,-1.572796490556914e-5,4.6231345072666417e-5,9.691910892708503e-5,-0.00018095901084406936,-1.7240868715503003e-5,3.7700846772061643e-5,-3.614772717260113e-5,-0.0002509771253413138
594.1133984965034,8.733360503902485e-5,-0.008297807751342194,-3.7568821951765965e-5,6.179678433269309e-5,-6.644403500925191e-6,-0.0004605601352806212,-0.000647544022220211,0.0014839700781170103,-4.1708014734530234e-5,0.0002757454188443888,-1.4644635169250855e-5,4.470348754970414e-5,9.03993488353664e-5,-0.00017655041347652375,-1.605905463162285e-5,3.6602245934249405e-5,-3.4120624361821886e-5,-0.0002410205450185633
615.0985788580505,8.039783038957565e-5,-0.008001138906238669,-3.508153593317864e-5,5.998457636074933e-5,-6.203576605408315e-6,-0.00044428689477714957,-0.0006032169091357604,0.0014398311025977833,-3.8685022273349404e-5,0.0002662845763736609,-1.3637489784866026e-5,4.3222280486254754e-5,8.431014634263572e-5,-0.00017209503722685938,-1.4958883810728499e-5,3.5519515111442436e-5,-3.217639864781401e-5,-0.00023153490007023323
636.8249944718586,7.407136583244042e-5,-0.007715953011853571,-3.275615668561756e-5,5.820410002284863e-5,-5.791762173087695e-6,-0.0004286250894562107,-0.0005619551210212825,0.001396468335649209,-3.58922975515569e-5,0.0002571418070956072,-1.2700985900835828e-5,4.178674538471622e-5,7.862525898166116e-5,-0.00016761727629521322,-1.393474823093301e-5,3.44547140570844e-5,-3.0316620406083433e-5,-0.00022249238640313618
659.3188271333548,6.829390144589375e-5,-0.007441720787406396,-3.058259115665972e-5,5.645734139284075e-5,-5.407067665322376e-6,-0.0004135481671060911,-0.0005235456787399421,0.0013539409083811456,-3.3311179304637036e-5,0.0002483083155318273,-1.1830005942499716e-5,4.0395869884275996e-5,7.331952684794374e-5,-0.00016313798591485236,-1.2981399482552952e-5,3.3409506438609106e-5,-2.8541795875307183e-5,-0.00021386707183343315
682.6071834272386,6.301182172737257e-5,-0.007177945029728985,-2.8551300910620072e-5,5.4745908740616934e-5,-5.04772529209156e-6,-0.0003990310650908763,-0.0004877899676931168,0.001312295458043544,-3.092460376343954e-5,0.00023977515068625843,-1.1019822147492135e-5,3.9048615605452434e-5,6.836895141086182e-5,-0.00015867492515137023,-1.209393321177737e-5,3.238521522537725e-5,-2.685156636751501e-5,-0.00020563478689113402
706.7181273927491,5.8177392338158925e-5,-0.006924158072685416,-2.665328478727916e-5,5.307107533569039e-5,-4.712082743095333e-6,-0.00038505009835113595,-0.00045450293202463924,0.0012715678781963437,-2.8716967274307726e-5,0.00023153329581592888,-1.0266064515436973e-5,3.774392526804231e-5,6.375073753591455e-5,-0.000154243148352564,-1.1267772277458909e-5,3.1382870811284584e-5,-2.5244877617918622e-5,-0.00019777301485963687
731.68071434272,5.374805168150143e-5,-0.006679919484392664,-2.4880059487767457e-5,5.143381834535674e-5,-4.398594948626031e-6,-0.0003715828578899201,-0.00042351227044533184,0.0012317848402769516,-2.6673999039907977e-5,0.00022357374081001725,-9.564691746435867e-6,3.648072907988033e-5,5.944330742704713e-5,-0.00014985535024818954,-1.0498649239147029e-5,3.040325277546364e-5,-2.3720123218885517e-5,-0.00019026078327182342
757.5250258771913,4.968579339361453e-5,-0.0064448139781447325,-2.3223638745742674e-5,4.983485403475124e-5,-4.10581667817863e-6,-0.00035860811860651464,-0.00039465764638187047,0.001192965115182298,-2.4782643806873285e-5,0.00021588754003831707,-8.91196481851614e-6,3.5257950415138894e-5,5.54262934334982e-5,-0.00014552216951190102,-9.78258864160648e-6,2.944692608656039e-5,-2.2275265648594403e-5,-0.00018307855845321866
784.2822061337682,4.5956627673291155e-5,-0.006218449515472103,-2.1676511618662265e-5,4.827466950693849e-5,-3.8323958300182614e-6,-0.00034610575548317605,-0.000367789921537259,0.001155120720264756,-2.3030954144784508e-5,0.0002084658581042372,-8.304422911936914e-6,3.407451081562385e-5,5.1680515229174896e-5,-0.00014125245530984383,-9.11588944047887e-6,2.851427246429357e-5,-2.090793799549182e-5,-0.00017620814421162912
811.9844993184009,4.25301109882908e-5,-0.006000455582026065,-2.023162032951282e-5,4.675355123610687e-5,-3.5770672992256645e-6,-0.00033405666725100646,-0.0003427704191270626,0.0011182579141688946,-2.140799184241257e-5,0.0002013000055657945,-7.738861432893425e-6,3.292933435798743e-5,4.818794570890604e-5,-0.00013705350101726827,-8.495107819155228e-6,2.760551752750571e-5,-1.961552910136264e-5,-0.0001696325853937677
840.6652885618325,3.9378935100838255e-5,-0.005790481618994536,-1.8882338001616306e-5,4.5271610650542956e-5,-3.3386473376507273e-6,-0.00032244270676445863,-0.000319470220871094,0.0010823780592286775,-1.9903737875737625e-5,0.00019438146636637188,-7.212311924213085e-6,3.182135143518261e-5,4.493166900741578e-5,-0.00013293124891781415,-7.917040573180355e-6,2.672075428114518e-5,-1.8395254501671798e-5,-0.00016333607673988816
870.3591361485165,3.647856757455371e-5,-0.005588195594559522,-1.7622446555942057e-5,4.382880701779011e-5,-3.116028338713282e-6,-0.00031124661740294257,-0.00029776950014684855,0.0010474783687055777,-1.8509010365699403e-5,0.00018770191844048355,-6.722023678622169e-6,3.074950200284737e-5,4.189583329307903e-5,-0.0001288904693311367,-7.378709181412249e-6,2.5859963425596223e-5,-1.724421523245557e-5,-0.00015730387724889158
901.1018251665018,3.3806936983060064e-5,-0.005393282701517997,-1.6446114979684158e-5,4.242496787483207e-5,-2.908173994643551e-6,-0.0003004519748950558,-0.0002775568924438145,0.0010135525539690766,-1.7215389932329762e-5,0.00018125324872332813,-6.265446892883903e-6,2.971273834145995e-5,3.906560038547659e-5,-0.0001249349172571491,-6.877344639303584e-6,2.502303091021777e-5,-1.6159446297503896e-5,-0.0001515222301036579
932.9304026284686,3.1344156956544736e-5,-0.005205444168629785,-1.5347878124887143e-5,4.1059807233222514e-5,-2.714114784742745e-6,-0.00029004313402810364,-0.00025872890331198154,0.000980591384787924,-1.601515185853075e-5,0.00017502756359170766,-5.840217219873312e-6,2.871002738371917e-5,3.642709376522131e-5,-0.00012106746928790487,-6.410373096310088e-6,2.4209763098421836e-5,-1.5137956346009467e-5,-0.00014597828808746087
965.8832241158699,2.907228399477119e-5,-0.0050243961745448165,-1.4322616154974659e-5,3.97329417742086e-5,-2.532943761476737e-6,-0.00028000517976432696,-0.00024118935330452355,0.0009485831741948736,-1.4901204495678939e-5,0.00016901719559333253,-5.444141591396844e-6,2.77403526541897e-5,3.3967346163100675e-5,-0.00011729024322578256,-5.975402314345545e-6,2.3419899863568382e-5,-1.4176759896838357e-5,-0.0001406600443375151
1000.0,2.6975104659568713e-5,-0.004849868854314686,-1.3365534723721703e-5,3.844390523309241e-5,-2.363812607384844e-6,-0.000270323882336855,-0.00022484885891845563,0.0009175141978892462,-1.3867033370239668e-5,0.00016321470717744292,-5.075185197966861e-6,2.6802715865201277e-5,3.167424761408912e-5,-0.0001136047025613496,-5.570208945618865e-6,2.2653125892792076e-5,-1.3272903258440365e-5,-0.00013555626822327278
